Идентификатор маршрута,Сокращенное наименование маршрута,Наименование маршрута,Тип маршрута,Тип транспорта,Круговой маршрут,Городской/Пригородный,Ночной
3260,1,ПРИМОРСКАЯ ЛИНИЯ,4,Аквабус,0,1,0
3261,2,КУРОРТНАЯ ЛИНИЯ,4,Аквабус,0,1,0
3259,3,НЕВСКАЯ ЛИНИЯ,4,Аквабус,0,1,0
3262,4,ЦЕНТРАЛЬНАЯ ЛИНИЯ,4,Аквабус,0,1,0
3343,1БО,Приморская линия (БО Ритм),4,Аквабус,0,1,0
3812,193,"АС ""СЧАСТЛИВАЯ УЛ."" - ГЕОЛОГИЧЕСКАЯ УЛ.",3,Автобус,0,1,0
3830,191/,"Р.Оккервиль - СТ.Метро""ПЕТРОГРАДСКАЯ""",3,Автобус,0,1,0
3850,7/,МОСКОВСКИЙ ВОКЗАЛ - Исаакиевская пл.,3,Автобус,0,1,0
3851,10/,"А.С.""КРЕСТОВСКИЙ ОСТРОВ"" - БАЛТИЙСКИЙ ВОКЗАЛ",3,Автобус,0,1,0
3857,С-1,"СТ.М.""ДЕВЯТКИНО""-СТ.М.""ПР.ВЕТЕРАНОВ""",3,Автобус,0,1,0
3862,С-2,"СТ. М. ""КУПЧИНО"" - СТ. М. ""ПАРНАС""",3,Автобус,0,1,0
3916,8 А,"Уткина Заводь- ст. метро ""Ломоносовская""",3,Автобус,0,1,0
3918,351Б,"Г. ПЕТРОДВОРЕЦ, ВОКЗАЛ - Ж.-Д. СТ. СТАРЫЙ ПЕТЕРГОФ",3,Автобус,0,1,0
3995,А-2,"Петродворец, Университет - Ст. м. ""Пр. Ветеранов""",3,Автобус,0,1,0
4055,194,"ООО ""Хендэ Мотор  Мануфактуринг Рус"" - ст. метро ""Комендантский пр.""",3,Автобус,0,1,0
4075,2/,Театральная пл. - пл. Стачек.,3,Автобус,0,1,0
4095,385,"«г.Пушкин, Оранжерейная ул. – пос. Шушары, Вишерская ул.»  ",3,Автобус,0,1,0
4395,47А,"А.С.УЛ. ""ШАВРОВА"" - СТ. МЕТРО ""ПИОНЕРСКАЯ""",3,Автобус,0,0,0
4159,217,"СЕСТРОРЕЦК, КУРОРТНАЯ УЛ. - СОЛНЕЧНОЕ -2",3,Автобус,0,1,0
223,138,"СТ.МЕТРО ""ПЛОЩАДЬ МУЖЕСТВА"" - КРЕМАТОРИЙ",3,Автобус,0,1,0
224,136,"АВТОБУСНАЯ СТАНЦИЯ ""РУЧЬИ"" - ПЛ. РАСТРЕЛЛИ",3,Автобус,0,1,0
225,22,УЛ. СТАСОВОЙ - ДВИНСКАЯ УЛ.,3,Автобус,0,1,0
226,137,"АВТОБУСНАЯ СТАНЦИЯ ""ПИСКАРЁВКА"" - СТ. МЕТРО ""ЧЁРНАЯ РЕЧКА""",3,Автобус,0,1,0
241,174,БЕЛОРУССКАЯ УЛ. - ГРАНИТНАЯ УЛ.,3,Автобус,0,1,0
234,102,"АВТОБУСНАЯ СТАНЦИЯ ""ПР. КУЛЬТУРЫ""-ХАСАНСКАЯ УЛ., ТК ""ЛЕНТА""",3,Автобус,0,1,0
240,153,"АВТОБУСНАЯ СТАНЦИЯ ""ПР. КУЛЬТУРЫ"" - ХАСАНСКАЯ УЛ., ТК ""ЛЕНТА""",3,Автобус,0,1,0
228,15,БЕЛОРУССКАЯ УЛ. - ПЛ. ВОССТАНИЯ,3,Автобус,0,1,0
231,30,"СТ.МЕТРО ""ЛАДОЖСКАЯ""-РЯБОВСКОЕ ШОССЕ, 117",3,Автобус,0,1,0
233,77,"БЕЛОРУССКАЯ УЛ. - СТ. МЕТРО ""ЛАДОЖСКАЯ""",3,Автобус,0,1,0
237,123,"АС ""УЛ. ЖЕНИ ЕГОРОВОЙ"" - СТ.МЕТРО ""ЛАДОЖСКАЯ""",3,Автобус,0,1,0
229,24,"ХАСАНСКАЯ УЛ. - СТ. МЕТРО ""ВАСИЛЕОСТРОВСКАЯ""",3,Автобус,0,1,0
236,107,"АВТОБУСНАЯ СТАНЦИЯ ""ПИСКАРЁВКА"" - ФИНЛЯНДСКИЙ ВОКЗАЛ",3,Автобус,0,1,0
238,132,"АВТОБУСНАЯ СТАНЦИЯ ""РУЧЬИ"" - СТ. МЕТРО ""ПЛОЩАДЬ АЛЕКСАНДРА НЕВСКОГО""",3,Автобус,0,1,0
239,133,"Ж.-Д. СТАНЦИЯ ""РУЧЬИ"" - ФИНЛЯНДСКИЙ ВОКЗАЛ",3,Автобус,0,1,0
242,469,"САНКТ-ПЕТЕРБУРГ, СТ. МЕТРО ""УЛИЦА ДЫБЕНКО"" - САДОВОДСТВО ""ВОСХОД-1""",3,Автобус,0,0,0
243,485,"САНКТ-ПЕТЕРБУРГ, СТ. МЕТРО ""УЛИЦА ДЫБЕНКО"" - САД-ВО ""СЕВЕРНАЯ САМАРКА"" (ЧЕРЕЗ РАЗМЕТЕЛЕВО)",3,Автобус,0,0,0
221,103,"АВТОБУСНАЯ СТАНЦИЯ ""ПР. КУЛЬТУРЫ"" - УЛ. КОММУНЫ",3,Автобус,0,1,0
235,106,"АВТОБУСНАЯ СТАНЦИЯ ""ПИСКАРЕВКА"" - ФИНЛЯНДСКИЙ ВОКЗАЛ",3,Автобус,0,1,0
230,27,БЕЛОРУССКАЯ УЛ. - ТЕАТРАЛЬНАЯ ПЛ.,3,Автобус,0,1,0
232,33,"АВТОБУСНАЯ СТАНЦИЯ ""ПИСКАРЁВКА"" - СТ. МЕТРО ""ЧЁРНАЯ РЕЧКА""",3,Автобус,0,1,0
324,85,"ГЛУХАРСКАЯ УЛ. - СТАНЦИЯ МЕТРО ""ОЗЕРКИ""",3,Автобус,0,1,0
336,178,"АВТОБУСНАЯ СТАНЦИЯ ""ПР. КУЛЬТУРЫ"" - АВТОБУСНАЯ СТАНЦИЯ ""ПИСКАРЕВКА""",3,Автобус,0,1,0
368,119,"УТКИНА ЗАВОДЬ - СТ. МЕТРО ""ЛОМОНОСОВСКАЯ""",3,Автобус,0,1,0
370,65,ДВИНСКАЯ УЛ. - МОСКОВСКИЙ ВОКЗАЛ,3,Автобус,0,1,0
385,12,УЛ. ПОДВОЙСКОГО - РОЩИНСКАЯ УЛ.,3,Автобус,0,1,0
388,118,ПР. АЛЕКСАНДРОВСКОЙ ФЕРМЫ - УЛ. КОЛЛОНТАЙ,3,Автобус,0,1,0
264,177,"АВТОБУСНАЯ СТАНЦИЯ ""РУЧЬИ"" - ДЕРЕВНЯ НОВАЯ",3,Автобус,0,1,0
304,113,"СТ. МЕТРО ""ПАРНАС"" - 3-Й ВЕРХНИЙ ПЕР., 5",3,Автобус,0,1,0
305,1,НАЛИЧНАЯ УЛ. - БЕЛООСТРОВСКАЯ УЛ.,3,Автобус,0,1,0
306,6,УЛ. КОРАБЛЕСТРОИТЕЛЕЙ - ПЛ.СТАЧЕК,3,Автобус,0,1,0
328,171,"КОЛОМЯГИ, НОВОНИКИТИНСКАЯ УЛ. - СТ. МЕТРО КОМЕНДАНТСКИЙ ПР.",3,Автобус,0,1,0
335,143,"АВТОБУСНАЯ СТАНЦИЯ ""УЛ. ЖЕНИ ЕГОРОВОЙ"" - СТ. МЕТРО ""ПОЛИТЕХНИЧЕСКАЯ""",3,Автобус,0,1,0
338,69,"ПРИДОРОЖНАЯ АЛЛЕЯ - СТ. МЕТРО ""ПОЛИТЕХНИЧЕСКАЯ""",3,Автобус,0,1,0
344,154,"СТ. МЕТРО ""СТАРАЯ ДЕРЕВНЯ"" - КАМЫШОВАЯ УЛ.",3,Автобус,0,1,0
366,36,АС ЗВЁЗДНАЯ УЛ. - СТ. М. БУХАРЕСТСКАЯ,3,Автобус,0,1,0
369,48,"ТРОИЦКОЕ ПОЛЕ - СТ.МЕТРО ""ОБУХОВО""",3,Автобус,0,1,0
371,58,ХРУСТАЛЬНАЯ УЛ.-АТАМАНСКАЯ УЛ. ,3,Автобус,0,1,0
325,40,"КОЛОМЯГИ, АВТОБУСНЫЙ ПАРК - СУЗДАЛЬСКИЙ ПР.",3,Автобус,0,1,0
327,398,ПОС. ПАРГОЛОВО - СЕВЕРНОЕ КЛАДБИЩЕ,3,Автобус,0,1,0
331,127,"КОЛОМЯГИ, АВТОБУСНЫЙ ПАРК - ГЛУХАРСКАЯ УЛ.",3,Автобус,0,1,0
332,86,"АС ""УЛ. ЖЕНИ ЕГОРОВОЙ"" - ФИНЛЯНДСКИЙ ВОКЗАЛ",3,Автобус,0,1,0
334,172,РЕПИЩЕВА УЛ. - ШУВАЛОВСКИЙ ПР.,3,Автобус,0,1,0
337,93,"АС ""Лахтинский разлив""- пр.Культуры""",3,Автобус,0,1,0
347,21,"АС ""БЕЛОРУССКАЯ УЛ."" - СТ.М. ""ЛАДОЖСКАЯ""",3,Автобус,0,1,0
384,140,"СТ. МОСКОВСКАЯ-СОРТИРОВОЧНАЯ - УЛ. КОЛЛОНТАЙ, 47",3,Автобус,0,1,0
386,92,"БЕЛОРУССКАЯ УЛ. - СТ.МЕТРО ""ЛАДОЖСКАЯ""",3,Автобус,0,1,0
284,435,"АВТОБУСНАЯ СТАНЦИЯ ""УЛ. ЖЕНИ ЕГОРОВОЙ"" - ПОС. ЕЛИЗАВЕТИНКА",3,Автобус,0,0,0
333,134,АФОНСКАЯ УЛ. - ПРИМОРСКИЙ ПР.,3,Автобус,0,1,0
345,7,УЛ. КОРАБЛЕСТРОИТЕЛЕЙ - МОСКОВСКИЙ ВОКЗАЛ,3,Автобус,0,1,0
346,8,"УТКИНА ЗАВОДЬ - СТ.МЕТРО ""ПЛ. АЛЕКСАНДРА НЕВСКОГО""",3,Автобус,0,1,0
348,19,БЕЛОРУССКАЯ УЛ. - МОЛОКОЗАВОД,3,Автобус,0,1,0
364,74,МАЛАЯ БАЛКАНСКАЯ УЛ. - ПЛ. ПРОЛЕТАРСКОЙ ДИКТАТУРЫ,3,Автобус,0,1,0
365,23,"БЕЛОРУССКАЯ УЛ. - НОВО-КОВАЛЕВО, 3 ЛИНИЯ",3,Автобус,0,1,0
367,29,"КАРБЮРАТОРНЫЙ ЗАВОД - СТ. МЕТРО ""МОСКОВСКИЕ ВОРОТА""",3,Автобус,0,1,0
389,476,"С.-ПЕТЕРБУРГ, СТ. МЕТРО ""ЛОМОНОСОВСКАЯ"" - ПОСЕЛОК СВЕРДЛОВА",3,Автобус,0,0,0
424,397,"АВТОБУСНАЯ СТАНЦИЯ ""УЛ. ЖЕНИ ЕГОРОВОЙ"" - ПОС. ПАРГОЛОВО, СПК ""ПРИГОРОДНЫЙ""",3,Автобус,0,1,0
4436,К-174,"г. Пушкин, Славянка - м.КУПЧИНО",3,Автобус,0,1,0
4442,К-4 МЕГА,К-4 МЕГА,3,Автобус,0,1,0
4455,52,"ФИНЛЯНДСКИЙ ВОКЗАЛ - СТ. МЕТРО ""ЛЕСНАЯ"" проект",3,Автобус,0,1,0
4456,46Б,"А.С. ""КРЕСТОВСКИЙ ОСТРОВ"" - ПЛ. АЛЕКСАНДРА НЕВСКОГО",3,Автобус,0,1,0
4480,80Х,АС Жени Егоровой - ж/д ст. Пискарёвка,3,Автобус,0,1,1
4485,142Х,Счастливая ул. - ул. Доблести,3,Автобус,0,1,1
4577,51А,УЛ. ГРИБАКИНЫХ- ЗАВОД ЖЕЛЕЗОБЕТОННЫХ ИЗДЕЛИЙ № 1,3,Автобус,0,1,0
4596,0,АС РУЧЬИ - ТЕАТРАЛЬНАЯ ПЛ.,3,Автобус,0,1,0
4637,Центр 2,Центр 2,3,Автобус,0,0,1
4638,Центр 3,Центр 3,3,Автобус,0,0,1
4639,ВО,Васильевский остров,3,Автобус,0,0,1
4642,ПС ук,Петроградская сторона укороченный,3,Автобус,1,0,1
4656,195У,"ст. метро ""Проспект Ветеранов"" - Южное кладбище",3,Автобус,0,1,0
4677,0,проекты Соболевой,3,Автобус,1,1,0
4696,187А,ЭКСПОФОРУМ ,3,Автобус,0,1,0
4716,187а,"УЛ. КОСТЮШКО - Г. ПУШКИН, ВОКЗАЛ",3,Автобус,0,1,0
4741,3Ч,"А.С. ""КРЕСТОВСКИЙ ОСТРОВ"" - СТ. МЕТРО ""СПОРТИВНАЯ""",3,Автобус,0,1,0
4742,4Ч,НАБ.МАРТЫНОВА-СТ.М.ПЕТРОГРАДСКАЯ,3,Автобус,0,0,0
4758,ПРОЕКТ1,ОСНОВНОЙ,3,Автобус,0,1,0
4759,S2,"А.С. ""КРЕСТОВСКИЙ ОСТРОВ"" - ПЛ. ВОССТАНИЯ",3,Автобус,0,0,0
4776,8 С,река Оккервиль- Смольный,3,Автобус,0,0,0
4816,75а,"АС ""УЛ. ЖЕНИ ЕГОРОВОЙ"" - БЕРЕГОВАЯ УЛ.",3,Автобус,0,1,0
4836,145Б,"А.С. ""КИРОВСКИЙ ЗАВОД"" - ГЕОЛОГИЧЕСКАЯ УЛ.,75",3,Автобус,0,1,0
4838,483Б,"Г.ЗЕЛЕНОГОРСК, ВОКЗАЛ - САНАТОРИЙ ""СОСНОВЫЙ БОР""",3,Автобус,0,0,0
4856,2,проекты маршрутов  Билык,3,Автобус,0,0,0
3852,135/,Пл.Восстания - Исаакиевская пл.,3,Автобус,0,1,0
3877,С-3/1,"СТ. МЕТРО ""ПРИМОРСКАЯ"" - СТ. МЕТРО ""ОБУХОВО""",3,Автобус,0,1,0
3996,А-3,"А. С. ПР.МАРШАЛА ЖУКОВА-СТ.М ""ПР.ВЕТЕРАНОВ""",3,Автобус,0,1,0
4275,392А,"Г.КОЛПИНО, ЗАВОДСКОЙ ПР. - СОВХОЗ ИМ.ТЕЛЬМАНА",3,Автобус,0,1,0
4896,356ш,УЛ. ШАХМАТОВА - Ж.-Д. СТ. СТАРЫЙ ПЕТЕРГОФ,3,Автобус,0,1,0
4938,31А,Костюшко -Александра Невского,3,Автобус,0,1,0
4976,1ЧМА, ,3,Автобус,0,0,0
4979,S5,"Стадион - станция метро ""Спортивная""",3,Автобус,0,0,0
4980,1ЧМБ,.,3,Автобус,0,0,0
4999,000Д,ст.метро ул. Дыбенко - Кудрово,3,Автобус,0,1,0
5000,1Чм,ВЫБОРГСКАЯ-СПОРТИВНАЯ,3,Автобус,0,0,0
5023,1СП,АС Звездная-Ст. М. Ладожская,3,Автобус,0,0,0
5041,2СП,"АС ""Малая балканская""-СТ м.Купчино",3,Автобус,0,0,0
5061,3СП,"АС ""УЛ.Костюшко"" - СТ.метро ""Бухарестская""",3,Автобус,0,0,0
5062,СП02,"АС ""ПР. КУЛЬТУРЫ"" - СТ. М. УДЕЛЬНАЯ",3,Автобус,1,1,0
5142,СП005,"УЛ. СТАСОВОЙ - СТ. М. ""БУХАРЕСТСКАЯ""",3,Автобус,0,1,0
5182,к-446,ж.-д. станция Красное Село - ж.-д. станция Можайская,3,Автобус,0,0,0
5201,К-01,Станция метро «Проспект Просвещения»-ул. 1-го Мая у Успенской дороги,3,Автобус,0,1,0
5202,К-305а,станция метро Старая Деревня» -Приозерная ул.,3,Автобус,0,1,0
5221,320,"Зеленогорск, вокзал - Зеленогорск, вокзал",3,Автобус,1,1,0
5241,К-33,"Станция метро ""Московская"", северный проезд ул. Типанова - ""Аутлет Вилладж Пулково""",3,Автобус,0,0,0
5261,8Б,"ст. метро ""Ломоносовская""-ст. метро  ""Елизаровская""",3,Автобус,0,1,0
5301,359А,"г. ПЕТРОДВОРЕЦ,УНИВЕРСИТЕТ - УЛ. ШАХМАТОВА",3,Автобус,0,1,0
446,100,"НАЛИЧНАЯ УЛ. - СТ. М. ""ВАСИЛЕОСТРОВСКАЯ""",3,Автобус,0,1,0
4482,106Х,АС Пискарёвка - Финляндский вокзал,3,Автобус,0,1,1
4484,130Х,АС Маршала Жукова - ст.метро Московская,3,Автобус,0,1,1
4617,З0Т,УЛ. ПОДВОЙСКОГО-РЖЕВСКАЯ ПЛ.,3,Автобус,0,1,0
4641,ПС,Петроградская сторона,3,Автобус,0,0,1
4658,10а,"ХАСАНСКАЯ УЛ.- СТ. МЕТРО ""НОВОЧЕРКАССКАЯ""10А",3,Автобус,0,1,0
4697,379А,"Г.ПАВЛОВСК, ВОКЗАЛ - СНТ ""ПАВЛОВСКОЕ-2""",3,Автобус,0,1,0
4739,1Ч,СПОРТИВНАЯ УЛ.-СТ.М.ВЫБОРГСКАЯ,3,Автобус,0,1,0
4796,8ТМ,"Хасанская ул. - ст. метро ""Ладожская""",3,Автобус,0,1,0
4977,S3,"СТ. МЕТРО ""ПЕТРОГРАДСКАЯ"" - СТАДИОН",3,Автобус,0,0,0
5203,СП007,Ж.Д. СТ. СОРТИРОВОЧНАЯ- СТ. М. КУПЧИНО,3,Автобус,0,1,0
5321,333,"Г. КОЛПИНО, ЛЕНИНГРАДСКАЯ УЛ. - СЛЕДСТВЕННЫЙ ИЗОЛЯТОР",3,Автобус,0,1,0
5343,202,"А.С. ""Малая Балканская"" - ст. метро ""Бухарестская""",3,Автобус,0,1,0
3878,78 К,"СТ. МЕТРО ""НАРВСКАЯ""",3,Автобус,1,0,0
4115,66/,"АС ""КИРОВСКИЙ ЗАВОД"" - Комсомольская пл.",3,Автобус,0,1,0
4315,54А,"А.С.""МАЛАЯ БАЛКАНСКАЯ УЛ."" - СТ. МЕТРО ""БУХАРЕСТСКАЯ""",3,Автобус,0,1,0
1160,82,"Ж.-Д. СТАНЦИЯ ""ПИСКАРЕВКА"" - СТ. МЕТРО ""ЛАДОЖСКАЯ""",3,Автобус,0,1,0
1180,80,"УЛ. ЖЕНИ ЕГОРОВОЙ - Ж.-Д. СТАНЦИЯ ""ПИСКАРЁВКА""",3,Автобус,0,1,0
1503,25А,"А.С. ""КРЕСТОВСКИЙ ОСТРОВ""-ПР. ДИНАМО-БЕЛООСТРОВСКАЯ УЛ.",3,Автобус,0,1,0
1504,46,ТАЛЛИНСКАЯ УЛ. - БЕЛООСТРОВСКАЯ УЛ.,3,Автобус,0,1,0
1547,189,"УЛ. ГРИБАКИНЫХ - ПОС. САПЕРНЫЙ, МЕБЕЛЬНЫЙ КОМБИНАТ",3,Автобус,0,1,0
1600,128,"АВТОБУСНАЯ СТАНЦИЯ  ""НАЛИЧНАЯ УЛ."" - АПТЕКАРСКАЯ НАБ.",3,Автобус,0,1,0
1621,81,СЧАСТЛИВАЯ УЛ. - ПОС. ТОРИКИ,3,Автобус,0,1,0
1661,1Л,"Г. ЛОМОНОСОВ, ВОКЗАЛ - МАЛАЯ ИЖОРА",3,Автобус,0,1,0
1662,2КР,"Г.КРОНШТАДТ, ЛЕНИНГРАДСКАЯ ПРИСТАНЬ-ФОРТ ""ШАНЦ""",3,Автобус,0,1,0
1663,3КР,"Г.КРОНШТАДТ, ЛЕНИНГРАДСКАЯ ПРИСТАНЬ-КВАРТАЛ 19-Б",3,Автобус,0,1,0
1664,3Л,"Г. ЛОМОНОСОВ, ВОКЗАЛ - Г. ЛОМОНОСОВ, ВОКЗАЛ",3,Автобус,1,1,0
1669,10,"А.С.""КРЕСТОВСКИЙ ОСТРОВ""-БАЛТИЙСКИЙ ВОКЗАЛ",3,Автобус,0,1,0
1672,18А,"УЛ.СТОЙКОСТИ - СТАНЦИЯ МЕТРО ""ЛЕНИНСКИЙ ПРОСПЕКТ""",3,Автобус,0,1,0
1673,25,"А.С.""КРЕСТОВСКИЙ ОСТРОВ""-БЕЛООСТРОВСКАЯ УЛ.",3,Автобус,0,1,0
1674,26,"А.С. ""КИРОВСКИЙ ЗАВОД"" - МОСКОВСКИЙ ВОКЗАЛ",3,Автобус,0,1,0
1849,483А,"Г. ЗЕЛЕНОГОРСК, ВОКЗАЛ - САНАТОРИЙ ""СОСНОВЫЙ БОР""",3,Автобус,0,0,0
1850,494,"""ПОС. БЕЛООСТРОВ"" - АЛЕКСАНДРОВСКОЕ ШОССЕ, САДОВОДСТВО ""САДЫ""",3,Автобус,0,0,0
1851,497,Ж.-Д. СТАНЦИЯ ПЕСОЧНАЯ - ПОС. ЧЕРНАЯ РЕЧКА,3,Автобус,0,0,0
1853,117,ТРОИЦКОЕ ПОЛЕ - УЛ. САМОЙЛОВОЙ,3,Автобус,0,1,0
2072,8А,"СТ - СТ. МЕТРО ""ЕЛИЗАРОВСКАЯ"" -СТ. МЕТРО ""ПЛ. АЛЕКСАНДРА НЕВСКОГО""",3,Автобус,0,1,0
2093,4,"УТКИНА ЗАВОДЬ-РЕКА ""ОККЕРВИЛЬ""",3,Автобус,0,1,0
2193,187шк,"ПУШКИН, А.С. ""ЖЕЛЕЗНОДОРОЖНАЯ УЛ."" - ""СЛАВЯНКА"", РОСТОВСКАЯ УЛ.",3,Автобус,0,0,0
2213,84А,"ПОС.ЛЕВАШОВО, ВОКЗАЛ - ПОС.НОВОСЕЛКИ, КАРЬЕР",3,Автобус,0,0,0
2293,154А,"СТ. МЕТРО ""СТАРАЯ ДЕРЕВНЯ"" - ШУВАЛОВСКИЙ ПР.",3,Автобус,0,1,0
2313,126,"СТ. МЕТРО ""СТАРАЯ ДЕРЕВНЯ"" - СТ. МЕТРО ""СТАРАЯ ДЕРЕВНЯ""(КОЛЬЦЕВОЙ)",3,Автобус,1,1,0
2338,126 Т,ст. метро Старая деревня- ст. метро Старая деревня,3,Автобус,0,0,0
2435,55,ТАЛЛИНСКАЯ УЛ. - ЕДИНЫЙ ЦЕНТР ДОКУМЕНТОВ,3,Автобус,0,1,0
2455,134Ш,ШКОЛЬНАЯ УЛ. - ГБОУ ГИМНАЗИИ №540,3,Автобус,0,1,0
2636,К-58,"станция метро ""Озерки"" - пр. Культуры ",3,Автобус,0,1,0
2637,К-59,"станция метро ""Московские ворота"", Московский пр., д. 103  - станция метро ""Купчино"", Балканская пл.",3,Автобус,0,1,0
2656,К-2,ж.-д. станция Лигово - Никольская пл.,3,Автобус,0,0,0
2657,К-60,"пр. Стачек, д. 90 - пр. Народного Ополчения, д. 205",3,Автобус,0,1,0
2658,К-3,"Московский пр., д.1 - Шушары, Школьная ул.",3,Автобус,0,0,0
2659,К-175,"ТРК ""Северный молл"", пр. Культуры, д. 41 - Авт. станция ""Наличная""",3,Автобус,0,1,0
2675,К-6,"станция метро ""Новочеркасская"" - ул. Академика Константинова, д.1",3,Автобус,0,0,0
2678,К-7,"Садовая ул., д. 39-41 - наб. реки Фонтанки, д. 201",3,Автобус,0,0,0
2679,К-8,"станция метро ""Площадь Александра Невского"" - Уткина Заводь",3,Автобус,0,0,0
2683,К-66,"ул. Червонного Казачества - Канонерский остров, д. 11",3,Автобус,0,1,0
2686,К-177,"ст.метро ""Нарвская""-Финляндский вокзал",3,Автобус,0,1,0
2696,К-11к,Троицкое Поле - ж.-д. станция Предпортовая,3,Автобус,0,0,0
2698,К-68,"станция метро ""Проспект Ветеранов"" - улица Чекистов",3,Автобус,0,1,0
2699,К-12,"торговый дом ""Максидом"" - на пересечении улицы Коллонтай и улицы Лопатина",3,Автобус,0,0,0
2700,К-179А,"ст. метро ""Старая деревня""-Пилотная улица",3,Автобус,0,1,0
2701,К-13,"станция Станция метро ""Московская"" (северный проезд ул. Типанова)- Авиагородок",3,Автобус,0,0,0
2702,К-70,"станция метро ""Озерки"" - на пересечении пр. Луначарского и Светлановского пр.",3,Автобус,0,1,0
2703,К-71,"станция метро ""Старая Деревня"" - Глухарская ул., д.4",3,Автобус,0,1,0
2704,К-183,"Прибалтийская пл. - ст. метро ""Площадь Ленина""",3,Автобус,0,1,0
2705,К-14,"станция метро ""Пионерская"" - Глухарская улица",3,Автобус,0,0,0
2707,К-15,"Улица Смольного - ТК ""Радуга""",3,Автобус,0,0,0
1380,78,"СТ.МЕТРО ""НАРВСКАЯ"" - СТ. МЕТРО ""НАРВСКАЯ""",3,Автобус,0,1,0
1400,1,"АВТОБУСНАЯ СТАНЦИЯ ""РУЧЬИ"" - СТ. МЕТРО ""ОЗЕРКИ""",3,Автобус,0,1,0
1542,335А,"Г. КОЛПИНО, ЛЕНИНГРАДСКАЯ УЛ. - ПОС. МЕТАЛЛОСТРОЙ, ЦЕНТРАЛЬНАЯ УЛ.",3,Автобус,0,1,0
1545,5,"УЛ. ГРИБАКИНЫХ - СТ. МЕТРО ""ЛАДОЖСКАЯ""",3,Автобус,0,1,0
1546,51,УЛ. ГРИБАКИНЫХ - ЗАВОД ЖЕЛЕЗОБЕТОННЫХ ИЗДЕЛИЙ №1,3,Автобус,0,1,0
1580,164,УЛ. ПОДВОЙСКОГО - УЛ. ХИМИКОВ,3,Автобус,0,1,0
1601,16,"ЗВЕЗДНАЯ УЛ. - СТ.МЕТРО ""ПАРК ПОБЕДЫ""",3,Автобус,0,1,0
1666,4Л,"Г. ЛОМОНОСОВ, ВОКЗАЛ - БИЗНЕС-ПАРК ""МАРТЫШКИНО""",3,Автобус,0,1,0
1695,67,БАЛТИЙСКИЙ ВОКЗАЛ - КАНОНЕРСКИЙ ОСТРОВ,3,Автобус,0,1,0
1696,67А,ДВИНСКАЯ УЛ. - КАНОНЕРСКИЙ ОСТРОВ,3,Автобус,0,1,0
1721,68,СЧАСТЛИВАЯ УЛ. - ЛЕНИНГРАДСКИЙ ЭЛЕКТРОМЕХАНИЧЕСКИЙ ЗАВОД,3,Автобус,0,1,0
1722,382,"Г.ПУШКИН, АВТОБУСНАЯ СТАНЦИЯ ""ЖЕЛЕЗНОДОРОЖНАЯ УЛ."" - КАЗАНСКОЕ КЛАДБИЩЕ",3,Автобус,0,1,0
1803,124,БЕЛОРУССКАЯ УЛ. - ЧЕЛЯБИНСКАЯ УЛ.,3,Автобус,0,1,0
1807,360Б,"Г. ПЕТРОДВОРЕЦ, ВОКЗАЛ - ЖИЛГОРОДОК",3,Автобус,0,1,0
1808,155,УЛ. КОСТЮШКО - Ж.-Д.СТ. АЛЕКСАНДРОВСКАЯ,3,Автобус,0,1,0
1810,166,"СТ. МЕТРО ""СТАРАЯ ДЕРЕВНЯ""- КАМЫШОВАЯ УЛ.",3,Автобус,0,1,0
1812,216,"Г. СЕСТРОРЕЦК, КУРОРТНАЯ УЛ. - СТ. МЕТРО ""СТАРАЯ ДЕРЕВНЯ""",3,Автобус,0,1,0
1813,318,"Г. ЗЕЛЕНОГОРСК, ВОКЗАЛ - ПОС. СЕРОВО",3,Автобус,0,1,0
1814,319,"Г.ЗЕЛЕНОГОРСК, ВОКЗАЛЬНАЯ ПЛ. - САНАТОРИЙ ""СОСНОВАЯ ПОЛЯНА""",3,Автобус,0,1,0
2152,134А,ШКОЛЬНАЯ УЛ. - АФОНСКАЯ УЛ.,3,Автобус,0,1,0
1976,187Ф,"Санкт- Петербург,ул. Костюшко - г. Пушкин, Вокзал",3,Автобус,0,1,0
2233,ШК,Ж.- Д.СТАНЦИЯ ПЕСОЧНАЯ - ПОС. НОВОСЕЛКИ,3,Автобус,0,0,0
2595,372,"Г. ПУШКИН, КРАСНОСЕЛЬСКОЕ ШОССЕ - Г. ПАВЛОВСК, САДОВАЯ УЛ. ",3,Автобус,0,0,0
2335,126 т,ст. метро Старая деревня -ст. метро Старая деревня,3,Автобус,0,0,0
2660,К-62,улица Кораблестроителей - Балтийский вокзал,3,Автобус,0,1,0
2684,К-10,"станция метро ""Василеостровская"" - на пересечении пр. Просвещения и Выборгского шоссе",3,Автобус,0,0,0
2709,К-184,"ст.метро ""Проспект Ветеранов""-ул. Чекистов",3,Автобус,0,1,0
2710,К-278,"ст. метро ""Озерки"" - вещевой рынок ""Гражданский""",3,Автобус,0,1,0
2713,К-17,"станция метро ""Ладожская"" - станция метро ""Черная речка""",3,Автобус,0,0,0
2714,К-278А,ул. Академика Байкова - ж. -д. станция Ручьи,3,Автобус,0,1,0
2717,К-279,"Туристская ул., д. 11- Новоколомяжский пр., д. 13 ",3,Автобус,0,1,0
2721,К-186,Уральская ул. -Балтийский вокзал,3,Автобус,0,1,0
2723,К-281,"ст. метро ""Обухово"" - ст. метро "" Балтийская"" ",3,Автобус,0,1,0
2730,К-78,"станция метро ""Проспект Ветеранов"" - ж.-д. станция Сосновая Поляна ",3,Автобус,0,1,0
2731,К-25,"станция метро ""Владимирская"" - Балканская площадь",3,Автобус,0,0,0
2733,К-79,"станция метро ""Пионерская"" - пр. Королева",3,Автобус,0,1,0
2736,К-26,"БКЗ ""Октябрьский"" - Бестужевская улица",3,Автобус,0,0,0
2738,К-81,"станция метро ""Проспект Ветеранов"" - улица Политрука Пасечника",3,Автобус,0,1,0
2739,К-287,"ст.метро ""Московская"" - г. Пушкин, Красносельское шоссе, д. 1",3,Автобус,0,1,0
2741,К-28," гостиница ""Карелия"" - гостиница ""Карелия""",3,Автобус,1,0,0
2855,К-299,"ст. метро ""Московская"" - г. Павловск, Звериницкая ул.",3,Автобус,0,1,0
2744,К-28к,ул. Коммуны - Финляндский вокзал,3,Автобус,0,0,0
2745,К-191,Финляндский вокзал-ул. Демьяна Бедного,3,Автобус,0,1,0
2746,К-83,"станция метро ""Улица Дыбенко"" - ж.-д. станция Пискаревка",3,Автобус,0,1,0
2747,К-288,"ст. метро ""Пионерская"" - на пересечении Гражданского пр. и Суздальского пр.",3,Автобус,0,1,0
2748,К-193,"ст. метро ""Старая Деревня""-ж.д. станция Ручьи",3,Автобус,0,1,0
2749,К-194,"ст. метро ""Московская-ст. метро ""Волковская""",3,Автобус,0,1,0
2750,К-29,"станция метро ""Ломоносовская"" - улица Солдата Корзуна",3,Автобус,0,0,0
2751,К-84,"станция метро ""Проспект Ветеранов"" - станция метро ""Проспект Ветеранов""",3,Автобус,1,1,0
2752,К-289,пл. Искусств - пр. Энергетиков,3,Автобус,0,1,0
2757,К-195,Сенная пл.-ул. Партизана Германа,3,Автобус,0,1,0
2758,К-85,"станция метро ""Удельная"" - Глухарская улица",3,Автобус,0,1,0
2759,К-31,Площадь Конституции (Ленинский пр.)-Б. Смоленский пр. у ул. Пинегина,3,Автобус,0,0,0
2762,К-291,"г. Колпино, ул. Ижорского Батальона, д. 7 г.-  Пушкин, вокзал,шоссе Подбельского",3,Автобус,0,1,0
2764,К-199,"ст. метро ""Озерки""-ул.Руставели",3,Автобус,0,1,0
2765,К-86,"станция метро ""Звездная"" - Благодатная улица",3,Автобус,0,1,0
2766,К-87,"станция метро ""Ленинский проспект"" - ж.-д. станция Лигово",3,Автобус,0,1,0
2768,К-292,"ст. метро"" Купчино"" - г. Колпино, ул. Ижорского Батальона ",3,Автобус,0,1,0
2770,К-35,"станция метро ""Ленинский проспект"" - пр. Героев, угол Ленинского пр.",3,Автобус,0,0,0
1550,61,"ДЕРЕВНЯ ""НОВАЯ"" - СТ. МЕТРО ""АКАДЕМИЧЕСКАЯ"" - ДЕРЕВНЯ ""НОВАЯ""",3,Автобус,1,1,0
1552,683,"Г. ЛОМОНОСОВ, ВОКЗАЛ - ДЕР. КЛЯСИНО",3,Автобус,0,0,0
1671,18,ул. СТОЙКОСТИ - КОРАБЕЛЬНАЯ УЛ.,3,Автобус,0,1,0
1682,43,ПОРТ - БАЛТИЙСКИЙ ВОКЗАЛ,3,Автобус,0,1,0
1691,192,"Г. КОЛПИНО, ВОКЗАЛ - ЗВЕЗДНАЯ УЛ.",3,Автобус,0,1,0
1710,367,КОМБИНАТ СТРОИТЕЛЬНЫХ МАТЕРИАЛОВ - СОВХОЗ ИМ. ТЕЛЬМАНА,3,Автобус,0,1,0
1711,368,"КОМБИНАТ СТРОИТЕЛЬНЫХ МАТЕРИАЛОВ - Г. КОЛПИНО, ОБОРОННАЯ УЛ.",3,Автобус,0,1,0
1716,376ШК,"САПЕРНАЯ УЛ., 9 - Г.ПУШКИН, АВТОБУСНАЯ СТАНЦИЯ ""ЖЕЛЕЗНОДОРОЖНАЯ УЛ.""",3,Автобус,0,1,0
1717,377,"Г. ПУШКИН, АВТОБУСНАЯ СТАНЦИЯ ""ЖЕЛЕЗНОДОРОЖНАЯ УЛ."" - ДЕТСКОСЕЛЬСКИЙ БУЛЬВАР ",3,Автобус,0,1,0
1733,396,"ПОС. ПЕТРО-СЛАВЯНКА - ПОС. МЕТАЛЛОСТРОЙ, ЦЕНТРАЛЬНАЯ УЛ.",3,Автобус,0,1,0
1741,173,"АВТОБУСНАЯ СТАНЦИЯ ""УЛ. ЖЕНИ ЕГОРОВОЙ"" - ПОС. КАМЕНКА",3,Автобус,0,1,0
1743,75,"АВТОБУСНАЯ СТАНЦИЯ ""УЛ. ЖЕНИ ЕГОРОВОЙ"" - ПОС. ЛЕВАШОВО",3,Автобус,0,1,0
1745,349,"Г. ЛОМОНОСОВ, ВОКЗАЛ - Ж.-Д. СТ. СТАРЫЙ ПЕТЕРГОФ",3,Автобус,0,1,0
1750,99,"А.С.""УЛ. ЖЕНИ ЕГОРОВОЙ"" - ПОС. БУГРЫ",3,Автобус,0,1,0
1753,99ш,УЛ. ОРБЕЛИ - ПОС. БУГРЫ,3,Автобус,0,1,0
1754,163,"Ж.-Д. СТ. ЛИГОВО - БСХ, БЫТОВЫЕ ПРИБОРЫ",3,Автобус,0,1,0
1756,88,"УЛ.СТОЙКОСТИ - СТ. МЕТРО ""ПРОСПЕКТ ВЕТЕРАНОВ""",3,Автобус,0,1,0
1757,89,"УЛ.СТОЙКОСТИ - СТ. МЕТРО ""ПРОСПЕКТ ВЕТЕРАНОВ""",3,Автобус,0,1,0
1762,337А,"Г. КОЛПИНО, ЗАВОДСКОЙ ПР. - ПОС. МЕТАЛЛОСТРОЙ, ЦЕНТРАЛЬНАЯ УЛ.",3,Автобус,0,1,0
1765,376,"г.Пушкин, Автобусная станция""Железнодорожная ул."" - Красносельское шоссе(пустой)",3,Автобус,0,1,0
1766,110,"СТ. МЕТРО ""СТАРАЯ ДЕРЕВНЯ"" - МОТЕЛЬ- КЕМПИНГ ""ОЛЬГИНО"" ",3,Автобус,0,1,0
1804,131,"АВТОБУСНАЯ СТАНЦИЯ ""РУЧЬИ"" - Ж.-Д.СТ. ""ПИСКАРЁВКА""",3,Автобус,0,1,0
1822,306А,"ПАНСИОНАТ ""ДЮНЫ"" - Г.СЕСТРОРЕЦК, КУРОРТНАЯ УЛ.",3,Автобус,0,1,0
1829,309,"Ж.-Д.СТАНЦИЯ ГОРСКАЯ - Г.СЕСТРОРЕЦК, КУРОРТНАЯ УЛ.",3,Автобус,0,1,0
1830,312,"Г. СЕСТРОРЕЦК, УЛ. ВОЛОДАРСКОГО - Г. СЕСТРОРЕЦК, КУРОРТНАЯ УЛ. (ТОЛЬКО В ОДНУ СТОРОНУ)",3,Автобус,0,1,0
1833,305,"Г.ЗЕЛЕНОГОРСК, ВОКЗАЛ - ВЫБОРГСКОЕ ШОССЕ, 764-Й КМ",3,Автобус,0,1,0
1834,213,"Г.ЗЕЛЕНОГОРСК, ВОКЗАЛ - 21 КМ",3,Автобус,0,1,0
1835,404,"Г. ЗЕЛЕНОГОРСК, ВОКЗАЛ - ПОС. ПОДГОРНОЕ",3,Автобус,0,0,0
1836,408,"ПОС. РЕПИНО, ВОКЗАЛ - ПОСЕЛОК ЛЕНИНСКОЕ",3,Автобус,0,0,0
1837,415,"Г. ЗЕЛЕНОГОРСК, ВОКЗАЛ -  53 КМ АВТОДОРОГИ ""ПАРГОЛОВО-ОГОНЬКИ""",3,Автобус,0,0,0
1838,415ш,"Г.ЗЕЛЕНОГОРСК,ВОКЗАЛ - ЖИЛГОРОДОК - ШКОЛА №445 - Д/С ""ПИОНЕР"" - Г.ЗЕЛЕНОГОРСК",3,Автобус,0,0,0
1841,211,"СПб.,СТ. МЕТРО ""ЧЁРНАЯ РЕЧКА"" - Г. ЗЕЛЕНОГОРСК, ВОКЗАЛ ",3,Автобус,0,1,0
1842,321,"Г. ЗЕЛЕНОГОРСК, ВОКЗАЛЬНАЯ ПЛ. - ПОС. РЕШЕТНИКОВО",3,Автобус,0,1,0
1844,410,"Г.ЗЕЛЕНОГОРСК, ВОКЗАЛ - ПОС. ПЕРВОМАЙСКОЕ",3,Автобус,0,0,0
1845,420,"Г.ЗЕЛЕНОГОРСК, ВОКЗАЛ - ПОС.КРАСНАЯ ДОЛИНА",3,Автобус,0,0,0
1847,420Б,"Г. ЗЕЛЕНОГОРСК,ВОКЗАЛ - ПОС.ПЕСКИ",3,Автобус,0,0,0
1848,483,"Г. ЗЕЛЕНОГОРСК, ВОКЗАЛ - САНАТОРИЙ ""СОСНОВЫЙ БОР"" (ЧЕРЕЗ ЗЕЛЕНЫЙ ХОЛМ)",3,Автобус,0,0,0
1858,381,"Г.ПУШКИН,ЖЕЛЕЗНОДОРОЖНАЯ УЛ. - КРАСНОСЕЛЬСКОЕ ШОССЕ",3,Автобус,0,1,0
1860,141,"АС ""УЛ. КОСТЮШКО"" - МОСКОВСКИЙ ВОКЗАЛ",3,Автобус,0,1,0
1972,200Ф,"Санкт-Петербург, А.С.""Кировский завод""- г. Ломоносов, Вокзал",3,Автобус,0,1,0
1977,326Ф,"г. Колпино, вокзал - ст.м. ""Купчино""",3,Автобус,0,1,0
2012,415А,"Г. ЗЕЛЕНОГОРСК, ВОКЗАЛ - 53 км АВТОДОРОГИ ""ПАРГОЛОВО - ОГОНЬКИ""  ",3,Автобус,0,0,0
2092,125,"СТ.МЕТРО ""СТАРАЯ ДЕРЕВНЯ"" -""СТ.МЕТРО ""СТАРАЯ ДЕРЕВНЯ"" (КОЛЬЦЕВОЙ)",3,Автобус,1,1,0
2173,175,"Г. ЛОМОНОСОВ, ВОКЗАЛ - Г. КРОНШТАДТ, ГРАЖДАНСКАЯ УЛ.",3,Автобус,0,1,0
2436,168,"СТ. МЕТРО ""ЛАДОЖСКАЯ"" - УЛ. ХИМИКОВ",3,Автобус,0,1,0
307,9,"КОЛОМЯГИ, АВТОБУСНЫЙ ПАРК - ПЛ. МУЖЕСТВА",3,Автобус,0,1,0
2475,182,АФОНСКАЯ УЛ. - ГЛУХАРСКАЯ УЛ.,3,Автобус,0,1,0
2680,К-65,"станция метро ""Пионерская"" - улица Демьяна Бедного",3,Автобус,0,1,0
2681,К-9,на пересечении ул. Академика Константинова с пр. Науки - улица Карпинского,3,Автобус,0,0,0
2685,б/№,"АС ""КИРОВСКИЙ ЗАВОД"" - ПОС. НОВОСЕЛЬЕ",3,Автобус,0,1,0
2687,К-178,"Финляндский вокзал-ст. метро ""Парнас""",3,Автобус,0,1,0
2688,К-10А,"пос. Бугры, Шоссейная ул., д. 28 - станция метро Политехническая ( Политехническая ул., д. 26)",3,Автобус,0,0,0
2719,К-20,"Станция метро ""Нарвская"", пл. Стачек, д. 5 - пр. Ветеранов у ул. Пионерстроя",3,Автобус,0,0,0
2724,К-187,ул. Коммуны - Витебский вокзал,3,Автобус,0,1,0
2726,К-23,"станция метро ""Старая Деревня"" (Торфяная дор., д. 6) - Комендантский пр., д. 50, к. 5",3,Автобус,0,0,0
2755,К-290,"ст. метро ""Московская"" - Южное кладбище",3,Автобус,0,1,0
2760,К-32,"станция метро ""Приморская"" - станция метро ""Ладожская""",3,Автобус,0,0,0
2767,К-200,"ст. метро ""Озерки""-ул. Сантьяго-де-Куба",3,Автобус,0,1,0
1440,101,"С.-ПЕТЕРБУРГ, СТ. МЕТРО""СТАРАЯ ДЕРЕВНЯ"" - Г. КРОНШТАДТ, ГРАЖДАНСКАЯ УЛ. ",3,Автобус,0,1,0
1480,83,"АВТОБУСНАЯ СТАНЦИЯ ""КИРОВСКИЙ ЗАВОД"" - УЛ.ДОБЛЕСТИ",3,Автобус,0,1,0
1543,438,"Г.КОЛПИНО, ЛЕНИНГРАДСКАЯ УЛ. - Ж.Д. СТ.САБЛИНО",3,Автобус,0,0,0
1582,87,"Ж.-Д. СТАНЦИЯ ЛИГОВО - СТ. МЕТРО ""ЛЕНИНСКИЙ ПРОСПЕКТ""",3,Автобус,0,1,0
1675,28,БЕЛОРУССКАЯ УЛ. - ФИНЛЯНДСКИЙ ВОКЗАЛ,3,Автобус,0,1,0
1679,37,БЕЛОРУССКАЯ УЛ. - ФИНЛЯНДСКИЙ ВОКЗАЛ,3,Автобус,0,1,0
1680,45,"АФОНСКАЯ УЛ. - Ж.-Д. СТАНЦИЯ ""УДЕЛЬНАЯ""",3,Автобус,0,1,0
1690,188,ПУШКИН - ЛЕСНОЕ,3,Автобус,0,1,0
1697,96,"МАЛАЯ БАЛКАНСКАЯ УЛ. - Ж.-Д. СТАНЦИЯ "" ОБУХОВО""",3,Автобус,0,1,0
1700,273,"Г. ПУШКИН, АВТОБУСНАЯ СТАНЦИЯ ""ЖЕЛЕЗНОДОРОЖНАЯ УЛ."" - Ж.-Д. СТ. КРАСНОЕ СЕЛО ",3,Автобус,0,1,0
1731,392,"Г.КОЛПИНО, ВОКЗАЛ - СОВХОЗ ИМ. ТЕЛЬМАНА",3,Автобус,0,1,0
1732,394,"КОМБИНАТ СТРОИТЕЛЬНЫХ МАТЕРИАЛОВ - Г. КОЛПИНО, ВОКЗАЛ",3,Автобус,0,1,0
1735,396А,"СТ. МЕТРО ""РЫБАЦКОЕ"" - ДОРОГА НА ПОС. МЕТАЛЛОСТРОЙ, Д. 3а",3,Автобус,0,1,0
1737,79,"ГЛУХАРСКАЯ УЛ. - СТ. МЕТРО ""ЧЕРНАЯ РЕЧКА""",3,Автобус,0,1,0
1760,545,"Г.ПУШКИН, АВТОБУСНАЯ СТАНЦИЯ ""ЖЕЛЕЗНОДОРОЖНАЯ УЛ.""- Г. КОММУНАР",3,Автобус,0,0,0
1761,105,"АВТОБУСНАЯ СТАНЦИЯ ""ПИСКАРЕВКА"" - ПЛ. ВОССТАНИЯ",3,Автобус,0,1,0
1763,109,"Ж. - Д. СТ. ПЕСОЧНАЯ - САНКТ-ПЕТЕРБУРГ, СТ. МЕТРО ""ОЗЕРКИ""",3,Автобус,0,1,0
1764,109А,"Ж.-Д. СТАНЦИЯ ПЕСОЧНАЯ - РЕНТГЕНОРАДИОЛОГИЧЕСКИЙ ИНСТИТУТ - СТ.МЕТРО ""ОЗЕРКИ""",3,Автобус,0,1,0
1800,112,"ЛАХТА, ВОКЗАЛ - КОННОЛАХТИНСКИЙ ПР.",3,Автобус,0,1,0
1883,484Ш,"КЕЛОЗИ - РУССКО-ВЫСОЦКОЕ, ШКОЛА",3,Автобус,0,0,0
1992,467,"СТ. МЕТРО ""УЛ. ДЫБЕНКО"" - 53 КМ АВТОМОБИЛЬНАЯ ДОРОГА ""КОЛА""",3,Автобус,0,0,0
1952,356А,"Г.ПЕТРОДВОРЕЦ, УНИВЕРСИТЕТ - ЧЕБЫШЕВСКАЯ УЛ., Д.6",3,Автобус,0,1,0
1975,186Ф,"Звездная ул. - г. Пушкин, Красносельское шоссе",3,Автобус,0,1,0
2032,158,"А.С. ""НАЛИЧНАЯ УЛ."" - ПАССАЖИРСКИЙ ПОРТ САНКТ-ПЕТЕРБУРГ ""МОРСКОЙ ФАСАД""",3,Автобус,0,1,0
2112,183,"УЛ. МАРШАЛА ТУХАЧЕВСКОГО - МИКРОРАЙОН ""РУЧЬИ""",3,Автобус,0,1,0
2133,185,УЛ. СТАСОВОЙ - СТ. МЕТРО ЧКАЛОВСКАЯ,3,Автобус,0,1,0
2253,6 АЛ,"Г. ЛОМОНОСОВ, ВОКЗАЛ - ЗИМНЯЯ ПРИСТАНЬ",3,Автобус,0,1,0
2395,469А,"САНКТ-ПЕТЕРБУРГ, СТ. МЕТРО ""УЛИЦА ДЫБЕНКО"" - ПОСЁЛОК ""ПРИЛАДОЖСКИЙ""",3,Автобус,0,1,0
2415,18а,"Ул.Стойкости-Ст.м.""Ленинский пр.""",3,Автобус,0,1,0
2535,169,"АС ""ХАСАНСКАЯ УЛ."" - СТ. МЕТРО ""БОЛЬШЕВИКОВ""",3,Автобус,0,1,0
2615,475А,"Г.КОЛПИНО, ЗАВОДСКОЙ ПР. - ПОСЕЛОК ""ПРИЛАДОЖСКИЙ""",3,Автобус,0,0,0
2556,148,"СТ. МЕТРО ""ПАРНАС"" - АС ""УЛ. ЖЕНИ ЕГОРОВОЙ""",3,Автобус,0,1,0
2663,К-64,"Гипермаркет ""О'Кей"" - Ржевская площадь",3,Автобус,0,1,0
1500,111,"Ж.-Д. СТАНЦИЯ ""ЛИГОВО"" - КОМСОМОЛЬСКАЯ ПЛ.",3,Автобус,0,1,0
1549,139,"СТ. МЕТРО""ПАРНАС"" - СТ. МЕТРО ""ГРАЖДАНСКИЙ ПРОСПЕКТ""",3,Автобус,0,1,0
1551,682,"Г. ЛОМОНОСОВ, ВОКЗАЛ - 4-Й КМ БЕТОННОЙ АВТОМОБИЛЬНОЙ ДОРОГИ",3,Автобус,0,0,0
1676,32,БЕЛООСТРОВСКАЯ УЛ.-ТУРИСТСКАЯ УЛ.,3,Автобус,0,1,0
1693,62,"УЛ.КОСТЮШКО - СТ. МЕТРО ""МОСКОВСКИЕ ВОРОТА""",3,Автобус,0,1,0
1793,278,"Г. ПЕТРОДВОРЕЦ, ВОКЗАЛ - ДЕР. ОЛЬГИНО",3,Автобус,0,1,0
1953,356-Б,"ЧЕБЫШЕВСКАЯ УЛ., Д. 6 - Г.ПЕТРОДВОРЕЦ, ВОКЗАЛ",3,Автобус,0,1,0
1882,356Б,"ЧЕБЫШЕВСКАЯ УЛ., 6 - ПЕТРОДВОРЕЦ, ВОКЗАЛ",3,Автобус,0,1,0
2172,134Б,АФОНСКАЯ УЛ. - ШКОЛЬНАЯ УЛ.,3,Автобус,0,1,0
2273,2А,"Ж.-Д. СТ. ""ЛИГОВО"" - КОМСОМОЛЬСКАЯ ПЛ.",3,Автобус,0,1,0
2655,К-1,"станция метро ""Нарвская"" - наб. канала Грибоедова, 54-56",3,Автобус,0,0,0
2662,К-5,"станция метро ""Ладожская"" - Караваевская улица,47",3,Автобус,0,0,0
2677,К-176,"ТК ""МЕГА Парнас""-Кондратьевский пр.",3,Автобус,0,1,0
2689,К-67,"Балтийский вокзал - Канонерский о-в, д. 11",3,Автобус,0,1,0
2695,К-179,"ст. метро ""Старая деревня""-пр. Королева",3,Автобус,0,1,0
2708,К-72,"На пересечении пр. Просвещения и ул. Хошимина - ул. Бутлерова, д. 36",3,Автобус,0,1,0
2711,К-16,"станция метро ""Площадь Александра Невского"" -Станция метро ""Купчино"" ",3,Автобус,0,0,0
2838,К-46,ж.-д. станция Ланская - ул. Смольного,3,Автобус,0,0,0
2715,К-185,ул. Маршала Тухачевского-Рыбацкий пр.,3,Автобус,0,1,0
2716,К-19,"Канонерский о-в, д.11 - наб. кан. Грибоедова, 54-56",3,Автобус,0,0,0
2718,К-76,"пр. Королева - БКЗ ""Октябрьский""",3,Автобус,0,1,0
2720,16А,Карбюраторный завод-Московский вокзал,3,Автобус,0,1,0
2722,К-21,"ТК ""Заневский каскад 1""-Белорусская ул., д. 16",3,Автобус,0,0,0
2725,К-283,"ст. метро ""Проспект Просвещения"" - Богословское кладбище",3,Автобус,0,1,0
2727,К-77,"ТК ""Заневский каскад 1"" - улица Коммуны",3,Автобус,0,1,0
2728,К-24,"станция метро ""Московские ворота"" - станция метро ""Купчино""",3,Автобус,0,0,0
2729,К-284,"пр. Просвещения, д. 87 - ст. метро ""Проспект Большевиков""",3,Автобус,0,1,0
2732,К-188,"ст. метро ""Озерки""-Токсовская ул., д. 129/1 по Гражданскому пр.",3,Автобус,0,1,0
2735,К-286,"ст.метро ""Купчино"" - г. Павловск, ул. Обороны",3,Автобус,0,1,0
2737,46А,"БЕЛООСТРОВСКАЯ УЛ.  -  СТ. МЕТРО ""ГОРЬКОВСКАЯ""",3,Автобус,0,1,0
2740,К-27,"Ул. Пилотов, д. 61 станция метро ""Ломоносовская""",3,Автобус,0,0,0
2743,К-82,"станция метро ""Купчино"" - Софийская улица угол Димитрова",3,Автобус,0,1,0
2756,К-30,"Уральская ул., д. 29, ТЦ ""Лента"" Богословское кладбище- (Кондратьевский пр., угол пр. Мечникова)",3,Автобус,0,0,0
2763,К-197,"ст. метро ""Проспект Ветеранов""-Микрорайон ""Балтийская Жемчужина""",3,Автобус,0,1,0
2771,К-88,"станция метро ""Проспект Ветеранов"" - улица Стойкости",3,Автобус,0,1,0
2772,К-36,Сенная площадь - площадь Конституции,3,Автобус,0,0,0
2773,К-88А,"станция метро ""Проспект Ветеранов"" - улица Стойкости",3,Автобус,0,1,0
2774,К-293,"ст. метро ""Купчино"" - г. Колпино, Оборонная ул.",3,Автобус,0,1,0
2775,К-37,"Гипермаркет ""О'КЕЙ"" - Финляндский вокзал",3,Автобус,0,0,0
2841,К-48,"станция метро ""Нарвская"" - Ленинский пр.",3,Автобус,0,0,0
2777,К-201,"ст.метро ""Звездная""-совхоз им.Тельмана, разворотное кольцо на авт. дороге ""Колпино-Ям-Ижора""",3,Автобус,0,1,0
2778,К-293А,"ст. метро ""Звездная"" - г. Колпино, бульв. Трудящихся",3,Автобус,0,1,0
2779,К-89,"станция метро ""Проспект Ветеранов"" - улица Стойкости",3,Автобус,0,1,0
2780,К-39,"станция метро ""Московская"" Московский пр., д. 197 аэропорт Пулково-1",3,Автобус,0,0,0
2781,К-342,"Станция метро ""Московская"" (Демонстрационный проезд) г. Пушкин, ул. Ломоносова",3,Автобус,0,0,0
2782,К-202,"ст. мет ро ""Звездная""-г. Пушкин,вокзал,шоссе Подбельского",3,Автобус,0,1,0
2783,К-90,"Ржевская пл., д. 1 - Двинская ул., д. 17",3,Автобус,0,1,0
2784,К-206,"ст. метро ""черная речка""-ул. Савушкина, д.145",3,Автобус,0,1,0
2785,К-294,"Пос. Новая Ижора, Волховская ул., 1 - г. Пушкин, вокзал, шоссе Подбельского",3,Автобус,0,1,0
2786,К-208,"пр. Луначарского-ст.метро ""Удельная""",3,Автобус,0,1,0
2787,К-344,"Рынок ""Юнона"" - Станция метро ""Волковская""",3,Автобус,0,1,0
2788,К-40,"станция метро ""Удельная"" - Земской переулок",3,Автобус,0,0,0
2789,К-91,"станция метро ""Пионерская"" - Глухарская улица",3,Автобус,0,1,0
2861,К-212,пл. Репина-ул. Академика Лебедева,3,Автобус,0,1,0
2791,К-41,"станция метро ""ул. Васи Алексеева, напротив д. 1 пр. Героев, угол ул. Маршала Захарова",3,Автобус,0,0,0
2792,К-43,"станция метро ""Московская"" (северный проезд ул. Типанова) ул. Доблести",3,Автобус,0,0,0
2793,К-92,"ТК ""Заневский каскад 1"" - шоссе Революции",3,Автобус,0,1,0
2794,К-345,"Станция метро ""Купчино"" - Станция метро ""Московские ворота"", Московский пр., д. 103, лит. Б",3,Автобус,0,1,0
2795,К-44,"Уральская ул., д. 33 2-3-я линии В.О., угол Среднего пр. В.О.",3,Автобус,0,0,0
2866,К-300,"ст. метро "" Автово"" - Г. Ломоносов, Морская ул.",3,Автобус,0,1,0
1242,358,"Г. ПЕТРОДВОРЕЦ, УНИВЕРСИТЕТ - ЗАЯЧИЙ РЕМИЗ",3,Автобус,0,1,0
1244,374,"Г. КОЛПИНО, ЗАВОДСКОЙ ПР. - Г. ПУШКИН, ШОССЕ ПОДБЕЛЬСКОГО",3,Автобус,0,1,0
1245,114,"СЧАСТЛИВАЯ УЛ. - СТ.М. ""ЕЛИЗАРОВСКАЯ""",3,Автобус,0,1,0
1246,187,"УЛ. КОСТЮШКО - Г. ПУШКИН, ВОКЗАЛ",3,Автобус,0,1,0
1247,90,УЛ. КОСТЮШКО - ЮЖНОЕ КЛАДБИЩЕ,3,Автобус,0,1,0
1250,95,ПР. АЛЕКСАНДРОВСКОЙ ФЕРМЫ - РОЩИНСКАЯ УЛ.,3,Автобус,0,1,0
1251,190,"ЗВЕЗДНАЯ УЛ.-ПОС.ШУШАРЫ,ВИШЕРСКАЯ УЛ.",3,Автобус,0,1,0
1253,71,ДВИНСКАЯ УЛ.- БАЛТИЙСКИЙ ВОКЗАЛ - САДОВАЯ УЛ.- ДВИНСКАЯ УЛ.(КОЛЬЦЕВОЙ) ,3,Автобус,1,1,0
1255,50,М.БАЛКАНСКАЯ УЛ. - ТЕАТРАЛЬНАЯ ПЛ.,3,Автобус,0,1,0
1256,72,"ЗВЕЗДНАЯ УЛ. - СТ. МЕТРО ""КИРОВСКИЙ ЗАВОД""",3,Автобус,0,1,0
1258,70,ДВИНСКАЯ УЛ. - САДОВАЯ УЛ. - БАЛТИЙСКИЙ ВОКЗАЛ - ДВИНСКАЯ УЛ.,3,Автобус,1,1,0
1260,145А,"А.С.""КИРОВСКИЙ ЗАВОД"" - ОКТЯБРЬСКАЯ УЛ.",3,Автобус,0,1,0
1261,66,"АС ""КИРОВСКИЙ ЗАВОД"" - КАНОНЕРСКИЙ ОСТРОВ",3,Автобус,0,1,0
1265,20,"АВТОБУСНАЯ СТАНЦИЯ ""КИРОВСКИЙ ЗАВОД"" - СТАДИОН ""ПИНГВИН""",3,Автобус,0,1,0
1266,210,"Г. ПЕТРОДВОРЕЦ, УНИВЕРСИТЕТ - САНКТ-ПЕТЕРБУРГ, А.С. ""КИРОВСКИЙ ЗАВОД""",3,Автобус,0,1,0
1274,13А,"УЛ. КОСТЮШКО - УЛ. ПИЛОТОВ, 61",3,Автобус,0,1,0
1276,351,"ПЕТРОДВОРЕЦ, ВОКЗАЛ - УЛЬЯНОВСКАЯ УЛ.",3,Автобус,0,1,0
1278,49,ДВИНСКАЯ УЛ. - ФИНЛЯНДСКИЙ ВОКЗАЛ,3,Автобус,0,1,0
1279,34,ЗВЕЗДНАЯ УЛ. - ПОС. ШУШАРЫ,3,Автобус,0,1,0
1281,229,"А.С. ""КИРОВСКИЙ ЗАВОД"" - СЕРГИЕВО, Ж/Д СТ.",3,Автобус,0,1,0
1284,555,"АВТОБУСНАЯ СТАНЦИЯ ""УЛ. ЖЕНИ ЕГОРОВОЙ"" - 45 КМ А.Д. СПб - ПАРГОЛОВО - ОГОНЬКИ",3,Автобус,0,0,0
1288,130,"АС ""ПР. МАРШАЛА ЖУКОВА"" - СТ. МЕТРО ""МОСКОВСКАЯ""",3,Автобус,0,1,0
1289,129,"С.-ПЕТЕРБУРГ, Ж.-Д. СТ. СЕРГИЕВО - ПОС. НОВОСЕЛЬЕ",3,Автобус,0,1,0
1291,326,"Г.КОЛПИНО, ВОКЗАЛ - СТ. М. ""КУПЧИНО""",3,Автобус,0,1,0
1292,13,УЛ. КОСТЮШКО - АВИАГОРОДОК,3,Автобус,0,1,0
1293,195,"СТАНЦИЯ МЕТРО ""ПР. ВЕТЕРАНОВ"" - ЮЖНОЕ КЛАДБИЩЕ",3,Автобус,0,1,0
1294,200,"САНКТ-ПЕТЕРБУРГ, АС ""КИРОВСКИЙ ЗАВОД"" - Г. ЛОМОНОСОВ, ВОКЗАЛ",3,Автобус,0,1,0
1296,355,"Г. ПЕТРОДВОРЕЦ, ВОКЗАЛ - БУЛЬВ. РАЗВЕДЧИКОВ - Г. ПЕТРОДВОРЕЦ, ВОКЗАЛ",3,Автобус,1,1,0
1298,356,"Г. ПЕТРОДВОРЕЦ, ВОКЗАЛ - УЛ. ШАХМАТОВА",3,Автобус,0,1,0
1300,196,"Г. КОЛПИНО, ЗАВОДСКОЙ ПР. - ЗВЕЗДНАЯ УЛ..",3,Автобус,0,1,0
1301,157,"М. БАЛКАНСКАЯ УЛ. - СТ. МЕТРО ""ЛОМОНОСОВСКАЯ""",3,Автобус,0,1,0
1302,359,"Г. ПЕТРОДВОРЕЦ, УНИВЕРСИТЕТ - СЕРГИЕВО, Ж/Д СТ.",3,Автобус,0,1,0
1303,56,"АС ""МАЛАЯ БАЛКАНСКАЯ УЛ."" - СТ. МЕТРО ""ЛОМОНОСОВСКАЯ""",3,Автобус,0,1,0
1306,11,ТРОИЦКОЕ ПОЛЕ - Ж.-Д. СТАНЦИЯ ПРЕДПОРТОВАЯ,3,Автобус,0,1,0
1310,488,"С.-ПЕТЕРБУРГ, Ж.-Д. СТ.СЕРГИЕВО - САДОВОДСТВО ""КИРОВЕЦ""",3,Автобус,0,0,0
1314,116,ЗВЕЗДНАЯ УЛ. - Б. СМОЛЕНСКИЙ ПР.,3,Автобус,0,1,0
1316,39,"СТ. МЕТРО ""МОСКОВСКАЯ""- АЭРОПОРТ ""ПУЛКОВО 1""",3,Автобус,0,1,0
1317,39Э,"ВЛАДИМИРСКАЯ ПЛОЩАДЬ - АЭРОПОРТ ""ПУЛКОВО 1""",3,Автобус,0,1,0
1318,115,"АВТОБУСНАЯ СТАНЦИЯ ""ПР. АЛЕКСАНДРОВСКОЙ ФЕРМЫ"" - ПОС.МЕТАЛЛОСТРОЙ, ФГУП ""НИИЭФА""",3,Автобус,0,1,0
1323,165,"Ж.-Д. СТ. ""ЛИГОВО""  - ОКТЯБРЬСКАЯ УЛ.",3,Автобус,0,1,0
1324,186,"ЗВЕЗДНАЯ УЛ. - Г. ПУШКИН, КРАСНОСЕЛЬСКОЕ ШОССЕ",3,Автобус,0,1,0
1326,142,СЧАСТЛИВАЯ УЛ. - УЛ. ДОБЛЕСТИ,3,Автобус,0,1,0
1327,162,"СЧАСТЛИВАЯ УЛ. - ОСОБАЯ ЭКОНОМИЧЕСКАЯ ЗОНА ""НОЙДОРФ""",3,Автобус,0,1,0
1329,3,УЛ. КОСТЮШКО - ТЕАТРАЛЬНАЯ ПЛ.,3,Автобус,0,1,0
1331,145,"А.С. ""КИРОВСКИЙ ЗАВОД"" - ОКТЯБРЬСКАЯ УЛ.",3,Автобус,0,1,0
1332,484,"С.-ПЕТЕРБУРГ, А.С. ""КИРОВСКИЙ ЗАВОД"" - АНДРЕЕВКА",3,Автобус,0,0,0
1334,484Б,"С.-ПЕТЕРБУРГ, А.С. ""КИРОВСКИЙ ЗАВОД"" - ДЕР. КЕЛОЗИ",3,Автобус,0,0,0
1335,487,"САНКТ-ПЕТЕРБУРГ, А.С.  КИРОВСКИЙ ЗАВОД - ДЕР. ЗИМИТИЦЫ",3,Автобус,0,0,0
1337,487А,КИПЕНЬ - ЗИМИТИЦЫ,3,Автобус,0,0,0
1338,2,Ж.-Д. СТАНЦИЯ ЛИГОВО - ТЕАТРАЛЬНАЯ ПЛ.,3,Автобус,0,1,0
1342,115А,"АВТОБУСНАЯ СТАНЦИЯ ""ПР. АЛЕКСАНДРОВСКОЙ ФЕРМЫ"" - ПОС.МЕТАЛЛОСТРОЙ, ЦЕНТРАЛЬНАЯ УЛ., Д. 9",3,Автобус,0,1,0
1343,142А,СЧАСТЛИВАЯ УЛ. - УЛ. МАРШАЛА ЗАХАРОВА,3,Автобус,0,1,0
1344,482А,"С.-ПЕТЕРБУРГ. А.С. ""КИРОВСКИЙ ЗАВОД"" - ДЕР. ЧЕРЕМЫКИНО",3,Автобус,0,0,0
1346,482,"С.-ПЕТЕРБУРГ, А.С. ""КИРОВСКИЙ ЗАВОД"" - ДЕР. ШЕЛКОВО",3,Автобус,0,0,0
1347,31,"УЛ. КОСТЮШКО - СТ. МЕТРО ""ЕЛИЗАРОВСКАЯ""",3,Автобус,0,1,0
1348,482В,"С.-ПЕТЕРБУРГ, А.С. ""КИРОВСКИЙ ЗАВОД"" - ДЕР. КАСЬКОВО",3,Автобус,0,0,0
1420,475,"Г.КОЛПИНО, ЗАВОДСКОЙ ПР. - САДОВОДСТВО ""ВОСХОД - 1""",3,Автобус,0,0,0
1521,436,"А/С ""ЖЕНИ ЕГОРОВОЙ"" - ДЕР. КЕРРО",3,Автобус,0,0,0
1540,331,"Г. КОЛПИНО, ЛЕНИНГРАДСКАЯ УЛ. - ПОС. ПОНТОННЫЙ, ПЕРВОМАЙСКАЯ УЛ.",3,Автобус,0,1,0
1563,481,"А.С. ""КИРОВСКИЙ ЗАВОД"" - ДЕР. РОПША",3,Автобус,0,0,0
1581,73,СЧАСТЛИВАЯ УЛ. - ПЛ. СТАЧЕК,3,Автобус,0,1,0
1687,156,УЛ. КОСТЮШКО - СТ. ПРЕДПОРТОВАЯ,3,Автобус,0,1,0
1660,1КР,"Г.КРОНШТАДТ, ЛЕНИНГРАДСКАЯ ПРИСТАНЬ-МАКАРОВСКИЕ ВОРОТА",3,Автобус,0,1,0
1692,53,"ТРОИЦКОЕ ПОЛЕ - СТ. МЕТРО ""КУПЧИНО"" ",3,Автобус,0,1,0
1709,366,"Г. КОЛПИНО, ВОКЗАЛ - Г. КОЛПИНО, ВОКЗАЛ ",3,Автобус,1,1,0
1712,369,"Г. КОЛПИНО, ВОКЗАЛ - Г. КОЛПИНО, ВОКЗАЛ (КОЛЬЦЕВОЙ)",3,Автобус,1,1,0
1713,370,"Г. ПУШКИН, АВТОБУСНАЯ СТАНЦИЯ""ЖЕЛЕЗНОДОРОЖНАЯ УЛ."" - Г.ПАВЛОВСК, ЗВЕРИНИЦКАЯ УЛ.",3,Автобус,0,1,0
1360,327,"Г.КОЛПИНО, ЗАВОДСКОЙ ПР. - СПБ, СТ.МЕТРО ""ПРОЛЕТАРСКАЯ""",3,Автобус,0,1,0
1481,17,"АВТОБУСНАЯ СТАНЦИЯ ""КИРОВСКИЙ ЗАВОД"" - УГОЛЬНАЯ ГАВАНЬ",3,Автобус,0,1,0
1544,438З,"Г.КОЛПИНО, ЛЕНИНГРАДСКАЯ УЛ. - ЗАВОД ""СОКОЛ""",3,Автобус,0,0,0
1520,433,"АВТОБУСНАЯ СТАНЦИЯ ""УЛ. ЖЕНИ ЕГОРОВОЙ"" - ПОС. АГАЛАТОВО",3,Автобус,0,0,0
1553,683А,"Г. ЛОМОНОСОВ, ВОКЗАЛ - ДЕР. КРАСНЫЙ БОР",3,Автобус,0,0,0
1554,684,"Г. ЛОМОНОСОВ, ВОКЗАЛ - 5-Й КМ БЕТОННОЙ ДОРОГИ",3,Автобус,0,0,0
1555,685,"Г.ЛОМОНОСОВ, ВОКЗАЛ - ПОС. КАПОРЬЕ",3,Автобус,0,0,0
1556,685А,"Г. ЛОМОНОСОВ, ВОКЗАЛ - ДЕР. ГЛОБИЦЫ",3,Автобус,0,0,0
1557,686,"Г. ЛОМОНОСОВ, ВОКЗАЛ - ДЕР. ГОРКИ",3,Автобус,0,0,0
1558,686А,"Г. ЛОМОНОСОВ, ВОКЗАЛ - ДЕР. МУХОВИЦЫ",3,Автобус,0,0,0
1559,686Б,ДЕР.МУХОВИЦЫ -ДЕР. ГОРКИ,3,Автобус,0,0,0
1560,687,"Г. ЛОМОНОСОВ, ВОКЗАЛ - ДЕР. ВИЛЬПОВИЦЫ",3,Автобус,0,0,0
1561,694,"г.Ломоносов,вокзал- дер.Лопухинка",3,Автобус,0,0,0
1602,57,"МАЛАЯ БАЛКАНСКАЯ УЛ. - СТ. МЕТРО "" ВОЛКОВСКАЯ""",3,Автобус,0,1,0
1620,159,"АВТОБУСНАЯ СТАНЦИЯ ""М.БАЛКАНСКАЯ УЛ."" - РОЩИНСКАЯ УЛ.",3,Автобус,0,1,0
1665,3АЛ,"ОРАНИЕНБАУМСКИЙ ПР. - Г.ЛОМОНОСОВ, ВОКЗАЛ",3,Автобус,0,1,0
1667,6Л,"Г.ЛОМОНОСОВ, ВОКЗАЛ - ШВЕЙЦАРСКАЯ УЛ.",3,Автобус,0,1,0
1668,7Л,"Г. ЛОМОНОСОВ, ВОКЗАЛ - Г. ЛОМОНОСОВ, ВОКЗАЛ",3,Автобус,1,1,0
1670,14,"А.С. ""КРЕСТОВСКИЙ ОСТРОВ""-СТ. МЕТРО ""ВЫБОРГСКАЯ""",3,Автобус,0,1,0
1677,35А,"ДВИНСКАЯ УЛ. - СТАНЦИЯ МЕТРО""НАРВСКАЯ""",3,Автобус,0,1,0
1678,35,"КАНОНЕРСКИЙ ОСТРОВ - СТАНЦИЯ МЕТРО""НАРВСКАЯ""",3,Автобус,0,1,0
1694,63,"УЛ.КОСТЮШКО - СТ.МЕТРО ""КУПЧИНО""",3,Автобус,0,1,0
1699,191,"Р. ОККЕРВИЛЬ - СТ. МЕТРО ""ПЕТРОГРАДСКАЯ""",3,Автобус,0,1,0
1701,325,"Г.КОЛПИНО, ВОКЗАЛ - Г. ПАВЛОВСК, Ж/Д ВОКЗАЛ ",3,Автобус,0,1,0
1702,332,"Г. КОЛПИНО, ЗАВОДСКОЙ ПР. - ПОС. САПЕРНЫЙ, МЕБЕЛЬНЫЙ КОМБИНАТ ",3,Автобус,0,1,0
1706,361,ЗАВОДСКОЙ ПР. - ЗАВОДСКОЙ ПР. (КОЛЬЦЕВОЙ),3,Автобус,1,1,0
1707,362,ЗАВОДСКОЙ ПР. - ЗАВОДСКОЙ ПР. (КОЛЬЦЕВОЙ),3,Автобус,1,1,0
1714,371,"г.ПУШКИН, АВТОБУСНАЯ СТАНЦИЯ ""ЖЕЛЕЗНОДОРОЖНАЯ УЛ."" - ЕКАТЕРИНИНСКИЙ ДВОРЕЦ",3,Автобус,0,1,0
1715,373,"Г. ПУШКИН,АВТОБУСНАЯ СТАНЦИЯ ""ЖЕЛЕЗНОДОРОЖНАЯ УЛ."" - ГУММОЛОСАРЫ",3,Автобус,0,1,0
1718,378,"Г. ПУШКИН, АВТОБУСНАЯ СТАНЦИЯ ""ЖЕЛЕЗНОДОРОЖНАЯ УЛ."" - Ж.-Д. СТ. АЛЕКСАНДРОВСКАЯ ",3,Автобус,0,1,0
1719,379,"Г.ПАВЛОВСК, ВОКЗАЛ - УЛ. ОБОРОНЫ",3,Автобус,0,1,0
1720,380,"Г. ПУШКИН, АВТОБУСНАЯ СТАНЦИЯ ""ЖЕЛЕЗНОДОРОЖНАЯ УЛ."" - СТАРОГАТЧИНСКОЕ ШОССЕ, Д.2",3,Автобус,0,1,0
1723,383,"Г.ПУШКИН, АВТОБУСНАЯ СТАНЦИЯ ""ЖЕЛЕЗНОДОРОЖНАЯ УЛ."" - Г.ПАВЛОВСК, ЗВЕРИНИЦКАЯ УЛ.",3,Автобус,0,1,0
1724,348,"Г. ЛОМОНОСОВ, ВОКЗАЛ - ПТИЦЕФАБРИКА ""КРАСНЫЕ ЗОРИ""",3,Автобус,0,1,0
1725,384,"Г.ПУШКИН,АВТОБУСНАЯ СТАНЦИЯ ""ЖЕЛЕЗНОДОРОЖНАЯ УЛ."" - МОСКОВСКОЕ ШОССЕ",3,Автобус,0,1,0
1726,386,"Г.КОЛПИНО,ВОКЗАЛ - Г. КОЛПИНО, ОБОРОННАЯ УЛ.",3,Автобус,0,1,0
1727,167,"А/С ""ЖЕНИ ЕГОРОВОЙ"" - САДОВОДСТВО ""КЛИМОВЕЦ""",3,Автобус,0,1,0
1728,387,"Г.КОЛПИНО, ВОКЗАЛ - ЗАГОРОДНАЯ УЛ.",3,Автобус,0,1,0
1729,389,"Г.КОЛПИНО, ЗАВОДСКОЙ ПР. - ЗАГОРОДНАЯ УЛ.",3,Автобус,0,1,0
1730,390,"Г.КОЛПИНО, ЗАВОДСКОЙ ПР. - Г. КОЛПИНО, ВОКЗАЛ",3,Автобус,0,1,0
1734,54,МАЛАЯ БАЛКАНСКАЯ УЛ. - ПЛ. ПРОЛЕТАРСКОЙ ДИКТАТУРЫ,3,Автобус,0,1,0
1736,59,"ЗВЕЗДНАЯ УЛ. - СТ.М.""БУХАРЕСТСКАЯ""",3,Автобус,0,1,0
1738,64,Звездная ул. - ж.-д. платформа Воздухоплавательный парк,3,Автобус,0,1,0
1739,64А,Звездная ул. - Рощинская ул.,3,Автобус,0,1,0
1740,76,Ж.-Д.СТ.МОСКОВСКАЯ СОРТИРОВОЧНАЯ - МОСКОВСКИЙ ВОКЗАЛ,3,Автобус,0,1,0
1742,120,"АС ""МАЛАЯ БАЛКАНСКАЯ"" - СТ. МЕТРО ""ЛЕНИНСКИЙ ПР.""",3,Автобус,0,1,0
1744,84,Ж.-Д. СТАНЦИЯ ПЕСОЧНАЯ - ПОС. НОВОСЕЛКИ,3,Автобус,0,0,0
1746,352,"Г. ПЕТРОДВОРЕЦ, ВОКЗАЛ - УНИВЕРСИТЕТ, УЛЬЯНОВСКАЯ УЛ.",3,Автобус,0,1,0
1747,91,Ж.- Д.СТ. СОРТИРОВОЧНАЯ - МОСКОВСКИЙ ВОКЗАЛ ,3,Автобус,0,1,0
1748,493,Г.ПАВЛОВСК - ПОС.АННОЛОВО,3,Автобус,0,0,0
1749,94,"АВТОБУСНАЯ СТАНЦИЯ ""РУЧЬИ"" - СТ. МЕТРО ""ЧЁРНАЯ РЕЧКА""",3,Автобус,0,1,0
1751,347,"Г. ЛОМОНОСОВ, ВОКЗАЛ - КЛАДБИЩЕ ""ИЛИКИ""",3,Автобус,0,1,0
1752,540,"Г.КОЛПИНО, ЗАВОДСКОЙ ПР. - ПОС. НИКОЛЬСКОЕ, ЗАВОД ""СОКОЛ""",3,Автобус,0,0,0
1755,544,"Г.КОЛПИНО, ВОКЗАЛ-СОВХОЗ ""ИМ.ТЕЛЬМАНА"" - ПОС.ВОЙСКОРОВО",3,Автобус,0,0,0
1767,144,Ж.-Д. СТ. КРАСНОЕ СЕЛО - ОКТЯБРЬСКАЯ УЛ.,3,Автобус,0,1,0
1768,477,Ж.-Д. СТ. КРАСНОЕ СЕЛО - ДЕР. ВИЛЛОЗИ,3,Автобус,0,1,0
1769,547,Ж.-Д. СТ. КРАСНОЕ СЕЛО - ДЕР. ТЕРВОЛОВО,3,Автобус,0,0,0
1770,146,СТ. КРАСНОЕ СЕЛО - ОКТЯБРЬСКИЙ ГОРОДОК,3,Автобус,0,1,0
1771,147,Ж.-Д. СТ. КРАСНОЕ СЕЛО - ЮЖНОЕ КЛАДБИЩЕ,3,Автобус,0,1,0
1772,454,Ж.-Д. СТ. КРАСНОЕ СЕЛО - ДЕР. ДЯТЛИЦЫ,3,Автобус,0,1,0
1773,454А,Ж.-Д. СТ. КРАСНОЕ СЕЛО - ДЕР. ГЛЯДИНО,3,Автобус,0,1,0
1774,149,"Ж.-Д.СТАНЦИЯ КРАСНОЕ СЕЛО-ГЕОЛОГИЧЕСКАЯ УЛ., 75",3,Автобус,0,1,0
1775,149А,Ж.-Д. СТ. КРАСНОЕ СЕЛО - УЛ. СПИРИНА,3,Автобус,0,1,0
1776,442,Ж.-Д. СТ. КРАСНОЕ СЕЛО - ДЕР. АННИНО,3,Автобус,0,1,0
1777,458,Ж.-Д. СТ. КРАСНОЕ СЕЛО - ДЕР. РАЗБЕГАЕВО,3,Автобус,0,1,0
1778,442А,"САНКТ-ПЕТЕРБУРГ, Ж.-Д. СТ. ГОРЕЛОВО - ДЕР. АННИНО",3,Автобус,0,1,0
1460,104,"АВТОБУСНАЯ СТАНЦИЯ  ""УЛ. ЖЕНИ ЕГОРОВОЙ"" - СТ. МЕТРО ""ПАРНАС""",3,Автобус,0,1,0
1482,98,"АВТОБУСНАЯ СТАНЦИЯ "" ПР. КУЛЬТУРЫ""- СТ. МЕТРО ""ЧЕРНАЯ РЕЧКА"" ",3,Автобус,0,1,0
1541,335,"Г. КОЛПИНО, ЛЕНИНГРАДСКАЯ УЛ. - ДОРОГА НА ПОС. МЕТАЛЛОСТРОЙ, Д.3а",3,Автобус,0,1,0
1501,176," АВТОСТАНЦИЯ ""РУЧЬИ"" - СУЗДАЛЬСКИЙ ПР.",3,Автобус,0,1,0
1502,567,"А/С ""ЖЕНИ ЕГОРОВОЙ"" - ПОС. АГАЛАТОВО - ПОС. ЕЛИЗАВЕТИНКА",3,Автобус,0,0,0
1548,60,"ПРИДОРОЖНАЯ АЛЛЕЯ - СТ. МЕТРО ""ЛЕСНАЯ""",3,Автобус,0,1,0
1562,108,"АВТОБУСНАЯ СТАНЦИЯ ""КИРОВСКИЙ ЗАВОД"" - ВОЛХОНСКОЕ ШОССЕ",3,Автобус,0,1,0
1564,41,"УЛ.КОРАБЛЕСТРОИТЕЛЕЙ-СТ.МЕТРО""ВАСИЛЕОСТРОВСКАЯ""- УЛ.КОРАБЛЕСТРОИТЕЛЕЙ ",3,Автобус,1,1,0
1565,42,"УЛ.КОРАБЛЕСТРОИТЕЛЕЙ - СТ.МЕТРО ""ВАСИЛЕОСТРОВСКАЯ"" - УЛ.КОРАБЛЕСТРОИТЕЛЕЙ",3,Автобус,1,1,0
1566,47,УЛ. КОРАБЛЕСТРОИТЕЛЕЙ - УНИВЕРСИТЕТСКАЯ НАБ.,3,Автобус,0,1,0
1603,161,УЛ. ПОДВОЙСКОГО - УЛ. ДЖОНА РИДА,3,Автобус,0,1,0
1681,44,"РЕПИЩЕВА УЛ. - СТ. МЕТРО ""УДЕЛЬНАЯ""",3,Автобус,0,1,0
1685,151,НАЛИЧНАЯ УЛ. - БОЛЬШОЙ ПР. В.О.- ПР. КИМа - НАЛИЧНАЯ УЛ.(КОЛЬЦЕВОЙ),3,Автобус,1,1,0
1686,152,"НАЛИЧНАЯ УЛ. - ПР. КИМа - БОЛЬШОЙ ПР. В.О. - НАЛИЧНАЯ УЛ.,(КОЛЬЦЕВОЙ)",3,Автобус,1,1,0
1688,179,"Г. ПАВЛОВСК, ВОКЗАЛ - ЗВЕЗДНАЯ УЛ.",3,Автобус,0,1,0
1689,181,УЛ.МАРШАЛА ТУХАЧЕВСКОГО - ПЛ. РЕПИНА,3,Автобус,0,1,0
1698,97,ТРОИЦКОЕ ПОЛЕ - УЛ. КОЛЛОНТАЙ,3,Автобус,0,1,0
1703,336,"Г. КОЛПИНО, ЗАВОДСКОЙ ПР. - ПОС. ПОНТОННЫЙ, ШЛИССЕЛЬБУРГСКОЕ ШОССЕ",3,Автобус,0,1,0
1704,337,"Г. КОЛПИНО, ЗАВОДСКОЙ ПР. - ДОРОГА НА ПОС. МЕТАЛЛОСТРОЙ, Д.3а",3,Автобус,0,1,0
1705,338,"Г. ПАВЛОВСК, ВОКЗАЛ - ПОС. ДИНАМО ",3,Автобус,0,1,0
1708,364,"Г. КОЛПИНО, ЗАВОДСКОЙ ПР. - КОМБИНАТ СТРОИТЕЛЬНЫХ МАТЕРИАЛОВ",3,Автобус,0,1,0
1779,458А,Ж.-Д. СТ. ГОРЕЛОВО - ДЕР. ИННОЛОВО,3,Автобус,0,1,0
1780,458Б,Ж.-Д. СТ. КРАСНОЕ СЕЛО - ДЕР. ИННОЛОВО,3,Автобус,0,1,0
1781,443,Ж.-Д. СТ. КРАСНОЕ СЕЛО - ДЕР. РОПША,3,Автобус,0,1,0
1782,129А,"Ж.-Д. СТ. СЕРГИЕВО - УЛ. КАЛИНИНА, 51",3,Автобус,0,1,0
1783,461,Ж.-Д. СТ. СЕРГИЕВО - ДЕР. АННИНО,3,Автобус,0,1,0
1784,462,Ж.-Д. СТ. СЕРГИЕВО - СТРЕЛЬНИНСКИЙ ЛЕСОПИТОМНИК,3,Автобус,0,1,0
1785,357,"Г. ПЕТРОДВОРЕЦ, УНИВЕРСИТЕТ - Ж.-Д. СТАНЦИЯ СТАРЫЙ ПЕТЕРГОФ",3,Автобус,0,1,0
1786,357А,"Г. ПЕТРОДВОРЕЦ. ВОКЗАЛ - ПТИЦЕФАБРИКА ""КРАСНЫЕ ЗОРИ""",3,Автобус,0,1,0
1787,344,"Г. ПЕТРОДВОРЕЦ, ВОКЗАЛ - ОАО ""ПЕТЕРГОФАВТОТРАНС"" (СЕЗОННЫЙ)",3,Автобус,0,1,0
1788,350,"Г. ПЕТРОДВОРЕЦ, ВОКЗАЛ - Г. ПЕТРОДВОРЕЦ, ВОКЗАЛ",3,Автобус,1,1,0
1789,353,"Г. ПЕТРОДВОРЕЦ, ВОКЗАЛ - Ж.-Д. СТ. СТАРЫЙ ПЕТЕРГОФ",3,Автобус,0,1,0
1790,354,"Г. ПЕТРОДВОРЕЦ, ВОКЗАЛ - УНИВЕРСИТЕТ, УЛЬЯНОВСКАЯ УЛ.",3,Автобус,0,1,0
1791,463,"Г. ПЕТРОДВОРЕЦ, ВОКЗАЛ - 5-Й КМ БЕТОННОЙ ДОРОГИ",3,Автобус,0,0,0
1792,463А,"Г. ПЕТРОДВОРЕЦ, ВОКЗАЛ - ДЕР. ЛОПУХИНКА",3,Автобус,0,0,0
1801,121,"АС ""ЖЕНИ ЕГОРОВОЙ"" - УЛ. РУСТАВЕЛИ",3,Автобус,0,1,0
1802,122,"РЕПИЩЕВА УЛ. - СТ. МЕТРО ""ЧЕРНАЯ РЕЧКА""",3,Автобус,0,1,0
1805,489,"Г.ПЕТРОДВОРЕЦ, ВОКЗАЛ - ГОСТИЛИЦЫ - ВИЛЬПОВИЦЫ - Г. ПЕТРОДВОРЕЦ",3,Автобус,1,0,0
1806,360,"Г. ПЕТРОДВОРЕЦ, ВОКЗАЛ - УНИВЕРСИТЕТСКИЙ ПР.",3,Автобус,0,1,0
1809,38,РЕПИЩЕВА УЛ. - ФИЗИКО-ТЕХНИЧЕСКИЙ ИНСТИТУТ ИМ. А.Ф.ИОФФЕ,3,Автобус,0,1,0
1811,215,"Г. КРОНШТАДТ, ПР. ЛЕНИНА - Г. СЕСТРОРЕЦК, УЛ. ВОЛОДАРСКОГО",3,Автобус,0,1,0
1820,150,"УЛ.КОСТЮШКО - ГОСПЛЕМЗАВОД ""ЛЕСНОЕ""",3,Автобус,0,1,0
1821,306,"Г. СЕСТРОРЕЦК , КУРОРТНАЯ УЛ. - ПАНСИОНАТ ""ДЮНЫ""",3,Автобус,0,1,0
1823,310,"Г.СЕСТРОРЕЦК - САНАТОРИЙ ""БЕЛЫЕ НОЧИ""",3,Автобус,0,1,0
1824,311,"Г. СЕСТРОРЕЦК, КУРОРТНАЯ УЛ. - Г. СЕСТРОРЕЦК,УЛ. ВОЛОДАРСКОГО (ТОЛЬКО В ОДНУ СТОРОНУ)",3,Автобус,0,1,0
1832,315,"Г. СЕСТРОРЕЦК, КУРОРТНАЯ УЛ. - Ж.-Д. СТАНЦИЯ ПЕСОЧНАЯ",3,Автобус,0,1,0
1828,307,"Г.СЕСТРОРЕЦК, КУРОРТНАЯ УЛ. - Ж.-Д.СТ. ГОРСКАЯ",3,Автобус,0,1,0
1831,314,"Г. СЕСТРОРЕЦК, КУРОРТНАЯ УЛ. - ПОС. БЕЛООСТРОВ, СЕСТРОРЕЦКОЕ ШОССЕ",3,Автобус,0,1,0
1839,552,"Г.ЗЕЛЕНОГОРСК, ВОКЗАЛ - ПОС.ИЛЬИЧЕВО, ДОМ-МУЗЕЙ В.И.ЛЕНИНА",3,Автобус,0,0,0
1840,552А,"Г.ЗЕЛЕНОГОРСК, ВОКЗАЛ - ПОС.ИЛЬИЧЕВО, ДОМ-МУЗЕЙ В.И.ЛЕНИНА",3,Автобус,0,0,0
1843,322,"Г. ЗЕЛЕНОГОРСК, ВОКЗАЛЬНАЯ ПЛ. - ПОС. РЕШЕТНИКОВО",3,Автобус,0,1,0
1846,420А,"Г.ЗЕЛЕНОГОРСК, ВОКЗАЛ - ПОС.ОЗЕРКИ",3,Автобус,0,0,0
1855,67Б,ДВИНСКАЯ УЛ. - БАЛТИЙСКИЙ ВОКЗАЛ,3,Автобус,0,1,0
1859,380Э,"Г.ПУШКИН, ВОКЗАЛ - СТАРОГАТЧИНСКОЕ ШОССЕ, Д. 2",3,Автобус,0,1,0
1880,376,"Г.ПУШКИН, АВТОБУСНАЯ СТАНЦИЯ ""ЖЕЛЕЗНОДОРОЖНАЯ УЛ."" - КРАСНОСЕЛЬСКОЕ ШОССЕ",3,Автобус,0,1,0
1881,356А-Шк,неверный вариант,3,Автобус,0,1,0
1932,415Ш2,"Г.ЗЕЛЕНОГОРСК, ВОКЗАЛ - ЖИЛГОРОДОК - ШКОЛА № 455 - Д\С ""ПИОНЕР"" - Г.ЗЕЛЕНОГОРСК",3,Автобус,1,0,0
1973,72Ф,"Звездная ул. - ст.метро ""Кировский завод""",3,Автобус,0,1,0
2094,160,"А.С. ""КИРОВСКИЙ ЗАВОД"" - БАЛТИЙСКАЯ ЖЕМЧУЖИНА",3,Автобус,0,1,0
2132,170,ЛАХТИНСКИЙ РАЗЛИВ - РЕПИЩЕВА УЛ.,3,Автобус,0,1,0
2798,К-93,Школьная улица - Суздальский пр.,3,Автобус,0,1,0
2856,К-49,"станция метро ""Проспект Ветеранов"" (бульв. Новаторов, д. 73)-Народная ул. у пр. Большевиков",3,Автобус,0,0,0
2895,К-217,"ст. метро ""Купчино""-бульв. Новаторов, д.13",3,Автобус,0,1,0
2900,К-352,"г. Петродворец, вокзал - г. Ломоносов, вокзал",3,Автобус,0,0,0
2904,К-102,"Станция метро ""Пр. Большевиков"" - Светлановский пр.",3,Автобус,0,1,0
2925,К-322,"станция метро ""Ладожская"" (Уткин пр., угол пр. Энергетиков) - станция метро ""Удельная""",3,Автобус,0,1,0
2929,К-220Б,"ст. метро ""Ломоносовская""-г. Колпино, Оборонная ул.",3,Автобус,0,1,0
2936,К-115,"Московский пр., д. 1 - Канонерский остров, д. 11",3,Автобус,0,1,0
2955,К-329,"станция метро ""Проспект Ветеранов"", бульв. Новаторов, д. 75 - дер. Ольгино",3,Автобус,0,1,0
2973,К-227,ж.-д.станция Сортировочная-ул.Пионерстроя,3,Автобус,0,1,0
2981,К-121,"авт. ст. ""Ул. Жени Егоровой"" - нечетная сторона пр. Луначарского, напротив д. 108",3,Автобус,0,1,0
2984,К-400,"Финляндский вокзал - г. Зеленогорск, вокзал",3,Автобус,0,0,0
2986,К-232,"ст. метро ""Старая Деренвя""-Приморский пр., д.169",3,Автобус,0,1,0
2991,К-124,"Новосмоленская наб., напротив д. 1 - Подъездной пер., д. 18",3,Автобус,0,1,0
3012,К-517,"г. Пушкин, вокзал - г. Пушкин, вокзал",3,Автобус,1,0,0
3016,К-131,наб. Мартынова - ж.-д. станция Ручьи,3,Автобус,0,1,0
3037,К-484,"Станция метро ""Кировский завод"" - Дер. Андреевка",3,Автобус,0,0,0
3044,К-247,"ст. метро ""Приморская""-Наличная ул.",3,Автобус,0,1,0
3075,К-149,"ст. метро ""Спортивная"", Дворец спорта ""Юбилейный"" - Крематорий",3,Автобус,0,1,0
3076,К-158,"станция метро ""Комендантская площадь"" - Глухарская ул.",3,Автобус,0,0,0
3085,К-163,"Кирочная ул., д. 23 - станция метро ""Проспект Большевиков""",3,Автобус,0,0,0
3095,К-153,"ТЦ ""МЕГА Дыбенко"" - пр. Косыгина",3,Автобус,0,1,0
3096,К-519,"г. Пушкин, вокзал - Казанское кладбище",3,Автобус,0,0,0
3099,К-154,Прибалтийская пл. - Автовская ул.,3,Автобус,0,1,0
3100,К-166,"станция метро ""Старая Деревня"" - станция метро ""Старая Деревня""",3,Автобус,0,0,0
3104,К-169,"Старо-Петергофский пр., д. 50 - Садовая ул., д. 37",3,Автобус,0,0,0
3112,К-271,"ст. метро ""Ладожская"" - Выборгский рынок",3,Автобус,0,1,0
3119,К-260,"Ж.-д. станция Предпортовая - Станция метро ""Ломоносовская""",3,Автобус,0,0,0
3121,К-273,"ул.Одоевского - ст. метро ""Горьковская""",3,Автобус,0,1,0
3137,К-172,"Станция метро ""Пионерская"" - Туристская ул. (четная сторона) у Мебельной ул.",3,Автобус,0,1,0
3279,1946,река Оккервиь - пл. Александра Невского,3,Автобус,0,1,0
3301,1М,"А.С. ""ПР. КУЛЬТУРЫ"" - А.С.""ПР. МАРШАЛА ЖУКОВА""",3,Автобус,0,1,1
2836,К-346,"Морская наб., д. 9, у пл. Европы - Светлановский пр. у Суздальского пр.",3,Автобус,0,1,0
2840,К-94,Мебельная ул. - ул. Карпинского,3,Автобус,0,1,0
2860,К-50,"станция метро ""Черная речка"" - ул. Руставели",3,Автобус,0,0,0
2862,К-51,боковой проезд Пискаревского пр. -боковой проезд Пискаревского пр.,3,Автобус,1,0,0
2872,К-99,"ул. Жени Егоровой - пос. Бугры, Шоссейная ул., 28",3,Автобус,0,1,0
2905,К-367,на пересечении Парашютной ул. и Долгоозерной ул. боковой проезд Пискаревского пр. у д. 40,3,Автобус,0,0,0
2920,К-366,"г. Колпино, вокзал - совхоз им. Тельмана",3,Автобус,0,0,0
2930,К-372,"станция метро ""Старая Деревня"" - Коломяжский пр.",3,Автобус,0,0,0
2935,К-375,"г. Пушкин, вокзал - ж.-д. станция Александровская",3,Автобус,0,0,0
2959,К-417,"Станция метро ""Черная речка"" - г. Сестрорецк, Курортная ул.",3,Автобус,0,0,0
2962,К-383,"М. Карпатская ул., угол ул. Олеко Дундича - станция метро ""Купчино"", Балканская пл.",3,Автобус,0,0,0
2970,К-224,"ст. метро ""Ленинский проспект""-ж.д. станция Старый Петергоф",3,Автобус,0,1,0
2990,К-235,"ст.метро ""Проспект Ветеранов""-пр.Героев",3,Автобус,0,1,0
3006,К-403,"г. Красное Село, Красногородская ул., угол Нагорной ул. Станция метро ""Московская"" ",3,Автобус,0,0,0
3013,К-404,"Балтийский вокзал - г. Ломоносов, ул. Победы",3,Автобус,0,0,0
3038,К-133,"станция метро ""Черная речка"" - Школьная ул., д. 128 ",3,Автобус,0,1,0
3045,К-156,ж.-д. станция Ржевка - Синопская наб.,3,Автобус,0,0,0
3055,К-143,"Боткинская ул. - пос. Бугры, разворотное кольцо на Шоссейной ул.",3,Автобус,0,1,0
3077,К-485,"Ул. Подвойского - Садоводство ""Северная Самарка""",3,Автобус,0,0,0
3079,К-162,"Капитанская ул., угол Морской наб. - Морская наб., д. 9, у пл. Европы",3,Автобус,0,0,0
3098,К-521,"г. Пушкин, вокзал - Совхоз Фёдоровское",3,Автобус,0,0,0
3105,К-253,"Станция метро ""Елизаровская"" - Станция метро ""Купчино""",3,Автобус,0,1,0
3117,К-259,"Станция метро ""Озерки"" - Ж.-д. станция Дибуны",3,Автобус,0,0,0
3120,К-275,"ст. метро ""Рыбацкое"" - пос. Металлострой, Центральная ул.",3,Автобус,0,0,0
3136,К-173,больница Святого Георгия - ул. Руднева,3,Автобус,0,1,0
2857,К-95,"На пересечении Гражданского пр. и Суздальского пр. - Станция метро ""Ладожская""",3,Автобус,0,1,0
2898,К-55,"станция метро ""Пионерская"" - Земский пер.",3,Автобус,0,0,0
2910,К-306,Казанский собор - ж.-д. станция Сосновая поляна,3,Автобус,0,1,0
2918,К-369,"станция метро ""Ладожская"" - станция метро ""Петроградская""",3,Автобус,0,0,0
2922,К-408,"Станция метро ""Проспект Просвещения"" - Сестрорецк, парк ""Дубки""",3,Автобус,0,0,0
2928,К-114,Б. Смоленский пр. у ул. Пинегина - Счастливая ул.,3,Автобус,0,1,0
2964,К-118,"станция метро ""Ладожская"" - станция метро ""Удельная""",3,Автобус,0,1,0
2966,К-385,"Уткина Заводь - Станция метро ""Дыбенко""",3,Автобус,0,0,0
2968,К-387,"станция метро ""Старая деревня"" - ул. Савушкина, д. 145",3,Автобус,0,0,0
2979,К-120,"Уральская ул., д. 33 - станция метро ""Петроградская"", пл. Шевченко",3,Автобус,0,1,0
2982,К-123,"ул. Прокофьева - станция метро ""Ладожская""",3,Автобус,0,1,0
2987,К-233,"ст. метро ""Старая Деревня""-Школьная ул., д 128",3,Автобус,0,1,0
2998,К-240А,Манчестерская ул.-Манчестерская ул.,3,Автобус,1,1,0
3003,К-424А,"Станция метро ""Автово"" - г. Ломоносов, вокзал",3,Автобус,0,0,0
3036,К-405,"станция метро ""Черная речка"" - г. Кронштадт, Гражданская ул.",3,Автобус,0,0,0
3040,К-155А,"станция метро ""Проспект Большевиков"" - станция метро ""Проспект Большевиков"" (кольцевой маршрут)",3,Автобус,1,0,0
3042,К-155Б,"станция метро ""Проспект Большевиков"" - станция метро ""Проспект Большевиков"" (кольцевой маршрут)",3,Автобус,1,0,0
3043,К-134,боковой проезд Мебельной ул. у Яхтенной ул. - ул. Илюшина,3,Автобус,0,1,0
3051,К-157,"пр. Культуры - Выборгское шоссе, д. 11",3,Автобус,0,0,0
3052,К-252,Балтийский вокзал-Светлановский пр. уг. Суздальского пр.,3,Автобус,0,1,0
3054,К-142,"ст. метро ""Ленинский проспект"" - ул. Доблести ",3,Автобус,0,1,0
3078,К-161,ул. Лопатина - ул. Бадаева,3,Автобус,0,0,0
3080,К-511,"г. Пушкин, вокзал - Пос. Лесное",3,Автобус,0,0,0
3084,К-515,"Станция метро ""Ломоносовская"" - Садоводство ""Сады""",3,Автобус,0,0,0
3088,К-139,"Станция метро ""Купчино"" - Инженернная ул., д. 7",3,Автобус,0,1,0
3111,К-595,"станция метро ""Улица Дыбенко"" - садоводство ""Пупышево""",3,Автобус,0,0,0
3118,К-170,"Транспортный пер. - Тепловозная ул., д. 32, лит. М (разворотная площадка у завода ЖБИ)",3,Автобус,0,0,0
3200,test,test - for Alla,3,Автобус,0,0,0
2796,К-296,"ул. Ленсовета, д. 88 -  г. Колпино, Оборонная ул.,  д. 10",3,Автобус,0,1,0
2837,К-45,"станция метро ""Купчино"" - пересечение ул. Маршала Казакова и ул. Десантников",3,Автобус,0,0,0
2839,К-349,ДК им. Кирова - 8-9 линия В.О.,3,Автобус,0,1,0
2858,К-210,"ст.метро ""Черная речка""-Ольгино, сады",3,Автобус,0,1,0
2859,К-347,"Станция метро ""Московская"" - Красносельское шоссе, д.67",3,Автобус,0,1,0
2864,К-213,Сенная пл.-Авиагородок,3,Автобус,0,1,0
2868,К-52,"ул. Бурцева - станция метро ""Проспект Ветеранов""",3,Автобус,0,0,0
2875,К-54,"станция метро ""Старая деревня"" - Глухарская ул.",3,Автобус,0,0,0
2897,К-218,"ж.-д.станция Ржевка-Дальневосточный пр., д. 65",3,Автобус,0,1,0
2899,К-56,"Станция метро ""Купчино"" - ТЦ ""МЕГА ДЫБЕНКО""",3,Автобус,0,0,0
2933,К-409,"Станция метро ""Ломоносовская"" - Ржевская пл.",3,Автобус,0,1,0
2934,К-223,"Выборгское шоссе, д.31-ст. метро ""Горьковская""",3,Автобус,0,1,0
2958,К-377,"г.Пушкин, Средняя ул. - г. Пушкин, Санкт-Петербургское шоссе",3,Автобус,0,0,0
2963,К-117,"станция метро ""Елизаровская"" - ул. Бехтерева",3,Автобус,0,1,0
2974,К-433,"ст. метро ""Проспект Просвещения"" - пос. Агалатово",3,Автобус,0,1,0
2985,К-229,"ст. метро ""Пионерская""-ст. метро ""Старая Деревня""",3,Автобус,0,1,0
3035,К-469,"ст. метро ""Улица Дыбенко"" - садоводство ""Восход-1""",3,Автобус,0,0,0
3048,К-251,"ст. метро ""Проспект Большевиков""-ул Лопатина",3,Автобус,0,1,0
3081,К-151,"ст. метро ""Купчино"" - ул. Васи Алексеева",3,Автобус,0,1,0
3082,К-137,"Финляндский вокзал - Станция метро ""Дыбенко""",3,Автобус,0,1,0
3175,55555,ИСААКИЕВСКИЙ ПР.- ШПАЛЕРНАЯ УЛ.,3,Автобус,1,0,0
3219,180,"КАМЫШОВАЯ УЛ. - ОАО ""КЛИМОВ""",3,Автобус,0,1,0
3199,1000,пробный,3,Автобус,0,1,0
2817,К-91А,"станция метро ""Удельная"" - Глухарская ул.",3,Автобус,0,1,0
2863,К-96,"станция метро ""Купчино"" - станция метро ""Обухово""",3,Автобус,0,1,0
2865,К-97,Караваевская ул. - ул. Коллонтай,3,Автобус,0,1,0
2869,К-216,"ст. метро ""Купчино""-ст. м. ""Проспект Ветеранов""",3,Автобус,0,1,0
2903,К-354,"г. Пушкин, Новодеревенская ул. - Станция метро ""Купчино""",3,Автобус,0,0,0
2916,К-365,"Станция метро ""Елизаровская"" - Ул. Коллонтай",3,Автобус,0,1,0
2921,К-108,"ул. Николая Рубцова, д. 12, к. 1 - на пересечении Гражданского пр. и Суздальского пр.",3,Автобус,0,1,0
2924,К-112,"станция метро ""Проспект Просвещения"" - на пересечении Гражданского пр. и Суздальского пр.",3,Автобус,0,1,0
2957,К-338,"Звенигородская ул. бульв. Новаторов, д. 6",3,Автобус,0,1,0
2960,К-379,"Камышовая ул.  - станция метро ""Старая Деревня"" (Мебельная ул., д. 1)",3,Автобус,0,0,0
2977,К-119,"станция метро ""Ломоносовская"" - Уткина Заводь",3,Автобус,0,1,0
3000,К-240Б,Манчестерская ул.-Манчестерская ул.,3,Автобус,1,1,0
3009,К-243,"ст. метро ""Удельная""-Вербная ул.",3,Автобус,0,1,0
3014,К-244,"ст. метро ""Удельная""-Афанасьевская ул.",3,Автобус,0,1,0
3050,К-135,"Станция метр ""Московские ворота"" - ул. Коллонтай уг. ул. Лопатина",3,Автобус,0,1,0
3086,К-152,"Боткинская ул., д. 1 - Выборгское шоссе, д. 31",3,Автобус,0,1,0
3097,К-165,"станция метро ""Проспект Ветеранов"" - ж.-д. станция Сосновая Поляна",3,Автобус,0,0,0
3103,К-168,"станция метро ""Пионерская"" - Глухарская ул., д. 4",3,Автобус,0,0,0
3109,К-269,"ст. метро ""Чернышевская"" - ТЦ ""МЕГА Дыбенко""",3,Автобус,0,1,0
3115,К-272,"ст. метро ""Рыбацкое"" - пос. Металлострой",3,Автобус,0,0,0
3116,К-258,Витебский вокзал - Пр. Мечникова,3,Автобус,0,1,0
3122,К-690,"Уральская ул., д. 29, ТЦ ""Лента"" -  Школьная ул. (разворотная площадка напротив д. 124",3,Автобус,0,1,0
3127,К-171Б,"пл. Конституции у дома 48, лит. А - пл. Конституции у дома 48, лит. А (кольцевой)",3,Автобус,1,0,0
3155,300,"АС ""КИРОВСКИЙ ЗАВОД"" - ПР. ГЕРОЕВ",3,Автобус,0,1,0
3300,3М,"А.С. ""НАЛИЧНАЯ УЛ."" - СТ. МЕТРО ""РЫБАЦКОЕ""",3,Автобус,0,1,1
2815,К-296А,"ул. Ленсовета, д. 88 - г. Колпино, ул. Веры Слуцкой",3,Автобус,0,1,0
2902,К-101,ж.-д. станция Ручьи - ул. Шаврова,3,Автобус,0,1,0
2909,К-106,Финляндский вокзал - пр. Энергетиков,3,Автобус,0,1,0
2915,К-309,на пересечении Уральской ул. и пр. КИМа - на пересечении Уральской ул. и пр. КИМа,3,Автобус,0,1,0
2923,К-111,"станция метро ""Кировский завод"" - ул. Доблести",3,Автобус,0,1,0
2927,К-371,"станция метро ""Старая деревня"" - станция метро ""Удельная""",3,Автобус,0,0,0
2932,К-373,"станция метро ""Лесная"" (Лесной пр., 63) - Новоколомяжский пр., д. 16",3,Автобус,0,0,0
2937,К-376,"г. Пушкин, автобусная станция ""Железнодорожная ул."" - г. Пушкин, Красносельское шоссе, д.65",3,Автобус,0,0,0
2969,К-388,"станция метро ""Купчино"" - Ириновский пр.",3,Автобус,0,0,0
2975,К-420,"Станция метро ""Ленинский проспект"" - г. Петродворец, Чебышевская ул.",3,Автобус,0,0,0
2976,К-391А,"г. Колпино, вокзал . Колпино, вокзал (кольцевой маршрут)",3,Автобус,1,0,0
2978,К-391Б,"г. Колпино, вокзал - г. Колпино, вокзал (кольцевой маршрут)",3,Автобус,1,0,0
2980,К-436,"ст. метро ""Проспект Просвещения"" - ж. -д. станция Грузино",3,Автобус,0,0,0
2989,К-445А,"ст. метро ""Автово"" - г. Красное Село, ул. Лермонтова",3,Автобус,0,0,0
2995,К-445Б,"Колобановская ул. - ст. метро ""Ленинский пр.""",3,Автобус,0,1,0
2996,К-401,"Станция метро ""Волковская"" - Станция метро ""Новочеркасская""",3,Автобус,0,0,0
3004,К-242,"ст.метро ""Ленинский проспект""-ул. Доблести",3,Автобус,0,1,0
3005,К-127,"станция метро ""Спортивная"" - пр. Королева",3,Автобус,0,1,0
3007,К-425,"Станция метро ""Чёрная речка"" - г. Сестрорецк, ул. Володарского, д.40",3,Автобус,0,0,0
3008,К-449,"ст. метро ""Московская"" - г. Красное Село, Геологическая ул., д. 75",3,Автобус,0,0,0
3010,К-130,"станция метро ""Московская"" - ж.-д. станция Сосновая Поляна",3,Автобус,0,1,0
3015,К-476,"Станция метро ""Ломоносовская"" - Пос. им. Свердлова",3,Автобус,0,0,0
3018,К-468,"ст. метро ""Улица Дыбенко"" - садоводство ""Восход-1""",3,Автобус,0,0,0
3019,К-132,"станция метро ""Черная речка"" - Приморский пр., д. 169",3,Автобус,0,1,0
3039,К-246,"ж.-д.-станция Сосновая Поляна-ст. метро ""Купчино""",3,Автобус,0,1,0
3046,К-249А,наб. р. Смоленки (Смоленское кладбище)-4-5-я линии В.О.,3,Автобус,0,1,0
3053,К-136,"а/с Звездная ул. - разворотная площадка у станции метро ""Волковская""",3,Автобус,0,1,0
3101,К-167,"Кирочная ул., д. 23 - ул. Осипенко",3,Автобус,0,0,0
3108,К-254,"ТЦ ""МЕГА Дыбенко"" - Станция метро ""Площадь Ленина""",3,Автобус,0,1,0
3110,К-539,"Станция метро ""Проспект Просвещения"" - Станция метро ""Проспект Просвещения""",3,Автобус,1,1,0
3124,К-262,Финляндский вокзал - Пр. Просвещения,3,Автобус,0,1,0
3126,К-171А,"пл. Конституции, д. 7 - пл. Конституции, д. 7 (кольцевой)",3,Автобус,1,0,0
3135,К-407,"ст. метро ""Проспект Просвещения"" - г. Кронштадт, Гражданская ул.",3,Автобус,0,1,0
3178,ночь,Ночь музеев 1,3,Автобус,0,0,0
2816,К-209,"ул. Коллонтай-ст. метро Петроградская""""",3,Автобус,0,1,0
2835,К-343,"Станция метро ""Проспект Ветеранов"" - г. Ломоносов, вокзал",3,Автобус,0,0,0
2842,К-297,"ст. метро "" Проспект Ветеранов"" - ж. -д. станция Сосновая Поляна ",3,Автобус,0,1,0
2843,К-298,"Суздальский пр., уг. Гражданского пр. на -  пересечении Среднего пр. В.О. и 24-й линии В.О.",3,Автобус,0,1,0
2867,К-214,"Выборгское шоссе, д.31-ТК""Лента""",3,Автобус,0,1,0
2870,К-53,"станция метро ""Купчино"", Балканская пл. - Тепловозная ул., д. 32",3,Автобус,0,0,0
2871,К-350,"Станция метро ""Купчино"" - Автобусная станция ""Наличная""",3,Автобус,0,1,0
2873,К-53а,"станция метро ""Площадь Александра Невского-2"" - станция метро ""Купчино""",3,Автобус,0,0,0
2874,К-302,"г. Сестрорецк, ул. Володарского - Новый район, больница ",3,Автобус,0,1,0
2876,К-305,"Ст. метро ""Старая Деревня"" - пос. Приветнинское",3,Автобус,0,0,0
2896,К-100,"ул. Пестеля - Екатерининский пр., д. 3",3,Автобус,0,1,0
2901,К-220,"ст.метро ""Рыбацкое""-г. Колпино, Заводсокй пр.",3,Автобус,0,1,0
2906,К-359А,"Уральская ул., д. 33 Уральская ул., д. 33",3,Автобус,1,1,0
2907,К-359Б,"Уральская ул., у сада Декабристов Уральская ул., у сада Декабристов",3,Автобус,1,1,0
2908,К-308,"станция метро ""Удельная"" (разворотная площадка) - ул. Савушкина, д. 134",3,Автобус,0,1,0
2917,К-107," ж.-д. станция Пискаревка - Инженерная ул., д. 4",3,Автобус,0,1,0
2919,К-321,ул. Гидротехников - Петровская пл.,3,Автобус,0,1,0
2926,К-220А,"г.Колпино, Заводской пр.-пос.Металлострой, Центральная ул.",3,Автобус,0,1,0
2931,К-325,"ст. метро ""Удельная"" - ж.-д. станция Ручьи",3,Автобус,0,1,0
2938,К-330,"пр. Науки, д. 21 - ж. -д. станция Пискаревка",3,Автобус,0,1,0
2956,К-333,"пр. Героев - бульв. Новаторов до кинотеатра ""Нарвский""",3,Автобус,0,1,0
2961,К-116,"Б. Смоленский пр. у пр. Обуховской Обороны - Звездная ул., д. 8",3,Автобус,0,1,0
2965,К-339,"Ленинский пр., угол пр. Героев - ТЦ ""МЕГА Дыбенко"" ",3,Автобус,0,1,0
2967,К-418,"Софийская ул., д.95 - Станция метро ""Купчино""",3,Автобус,0,1,0
2971,К-224к,"автобусная станция ""Кировский завод""-г.Петродворец, университет",3,Автобус,0,1,0
2972,К-226,"ул. Рихарда Зорге-ст. метро ""Московская""",3,Автобус,0,1,0
2983,К-424,"Станция метро ""Автово"" - г. Петродворец, университет",3,Автобус,0,0,0
2988,К-234,"ул. Доблести-ст. метро ""Проспект Ветеранов""",3,Автобус,0,1,0
2997,К-239,"ст. метро ""Проспект Большевиков""-ст. метро ""Рыбацкое""",3,Автобус,0,1,0
2999,К-402,"г. Красное Село, Октябрьская ул. - г. Пушкин, автобусная станция ""Железнодорожная ул.""",3,Автобус,0,0,0
3001,К-445В,"Ст. метро ""Проспект Ветеранов"" - г. Красное Село, Кингисеппское шоссе, д. 55",3,Автобус,0,1,0
3002,К-241,"Выборгское шоссе, д.33-ст. метро ""Проспект Просвещения""",3,Автобус,0,1,0
3011,К-479,"Станция метро ""Звёздная"" - Ж.-д. станция Шушары",3,Автобус,0,0,0
3017,К-245,"ст. метро ""Кировский завод""-Красное Село, Нарвская ул.",3,Автобус,0,1,0
3041,К-248,"ст.метро ""Приморская""-ул. Нахимова",3,Автобус,0,1,0
3047,К-250,"ст. метро ""Московские ворота""-ст. метро ""Купчино""",3,Автобус,0,1,0
3083,К-150,"Пискаревский пр. - ст. метро ""Удельная""",3,Автобус,0,1,0
3087,К-138,"станция метро ""Звездная"" (Звездная ул., д. 3Б) - ул. Салова, напротив д. 61",3,Автобус,0,1,0
3102,К-252А,"Станция метро Станция метро ""Политехническая"" - ТРК Северный Молл, пр. Культуры, д. 41",3,Автобус,0,1,0
3106,К-530,Финляндский вокзал - Котово поле,3,Автобус,0,1,0
3107,К-268,"ст. метро ""Рыбацкое"" - пос. Саперный, Невская ул.",3,Автобус,0,1,0
3123,К-261,"Станция метро ""Проспект Просвещения"" - Пос. Юкки",3,Автобус,0,0,0
3125,К-264,"Ж.-д. станция ""Пискарёвка"" - Станция метро ""Ломоносовская""",3,Автобус,0,1,0
3176,1 ночь , «Исаакиевская пл. – Шпалерная ул.»    ,3,Автобус,0,1,0
3239,301,"  АС ""УЛ. КОСТЮШКО""-ГЕОЛОГИЧЕСКАЯ УЛ., 75""",3,Автобус,0,1,0
3299,2М,"А.С. ""БАЛКАНСКАЯ УЛ."" - СТ. МЕТРО ""ПАРНАС""",3,Автобус,0,1,1
3302,5М,Репищева ул. - ст.Сортировочная,3,Автобус,0,1,1
3319,1МА,"А.С. ""УЛ. УШИНСКОГО"" - СТ. МЕТРО ""ПЛ. ЛЕНИНА""",3,Автобус,1,1,1
3320,1МБ,"А.С. ""ПР. МАРШАЛА ЖУКОВА"" - СТ. МЕТРО ""ЧЕРНЫШЕВСКАЯ""",3,Автобус,1,1,1
3321,2МА,"А.С. ""БАЛКАНСКАЯ УЛ."" - СУВОРОВСКАЯ ПЛОЩАДЬ""",3,Автобус,0,1,1
3322,4М,"Река Оккервиль-ст. м ""Александра Невского""",3,Автобус,0,1,1
3325,3МА,НАЛИЧНАЯ УЛ.  - УНИВЕРСИТЕТСКАЯ НАБ.,3,Автобус,0,1,1
3326,2МБ,"СТ. МЕТРО ""ПАРНАС"" - ТРОИЦКАЯ ПЛОЩАДЬ",3,Автобус,0,1,1
3327,3МБ,"ДВОРЦОВЫЙ ПРОЕЗД - СТ. МЕТРО ""РЫБАЦКОЕ""",3,Автобус,0,1,1
3333,4МА,"река Оккервиль- ст. метро ""Новочеркасская""",3,Автобус,0,1,1
3334,4 М,удалить,3,Автобус,0,1,0
3336,4МБ,"""СТ. МЕТРО ""АЛЕКСАНДРА НЕВСКОГО""  - СТ. МЕТРО ""СЕННАЯ ПЛ.""",3,Автобус,0,1,1
3331,5Мб,"ст.Сортировочная - ст.метро ""Адмиралтейская""",3,Автобус,0,1,1
3332,5Ма,"АС ""РЕПИЩЕВА УЛ."" - СТ. МЕТРО ""СПОРТИВНАЯ""",3,Автобус,0,1,1
3341,68А,СЧАСТЛИВАЯ УЛ. - УЛ. ПИОНЕРСТРОЯ,3,Автобус,0,1,0
3340,444,ржевка- деревня,3,Автобус,0,1,0
3342,Колпино,Колпино,3,Автобус,0,1,0
3344,GM,"АС ""Звездная ул."" - Автозаводская ул. - АС ""Звездная ул.""",3,Автобус,1,0,0
3361,К-4,"ст.метро ""Площадь Александра Невского"" - Синопская наб.(Единый центр документов)",3,Автобус,0,1,0
3362,К-6к,"Уральская ул. у Парка Декабристов-пл. Стачек, д. 5",3,Автобус,0,1,0
3401,101А,"Г.КРОНШТАДТ, 19-Й КВАРТАЛ ",3,Автобус,0,1,0
3421,122А,СТ. МЕТРО ПИОНЕРСКАЯ - КАМЫШОВАЯ УЛ.,3,Автобус,0,1,0
3422,84ш,Ж.-Д. СТАНЦИЯ ПЕСОЧНАЯ - ПОС. НОВОСЁЛКИ,3,Автобус,0,1,0
3423,57А,"АС ""МАЛАЯ БАЛКАНСКАЯ УЛ.""- СТ. МЕТРО ""БУХАРЕСТСКАЯ""",3,Автобус,0,1,0
3424,7А,УЛ. КОРАБЛЕСТРОИТЕЛЕЙ - МОСКОВСКИЙ ВОКЗАЛ,3,Автобус,0,1,0
3425,2С,СПЕЦИАЛИЗИРОВАННЫЙ МАРШРУТ,3,Автобус,0,0,0
3426,5С,СМОЛЬНЫЙ,3,Автобус,0,1,0
3427,135,"АЭРОДРОМНАЯ УЛ.- ОАО ""КЛИМОВ""",3,Автобус,0,1,0
3428,191А,"Р. ОККЕРВИЛЬ  - СТ. МЕТРО ""ПЕТРОГРАДСКАЯ""",3,Автобус,0,1,0
3429,24А,"ХАСАНСКАЯ УЛ. - СТ. МЕТРО ""ВАСИЛЕОСТРОВСКАЯ""",3,Автобус,0,1,0
3430,10 А,"А.С. ""КРЕСТОВСКИЙ ОСТРОВ"" - БАЛТИЙСКИЙ ВОКЗАЛ",3,Автобус,0,1,0
3432,135А,"А.С. ""КРЕСТОВСКИЙ ОСТРОВ"" - СТАНЦИЯ МЕТРО ""ПЛ. ВОССТАНИЯ""",3,Автобус,0,1,0
3465,В1,тестирование-тестирование,3,Автобус,0,1,0
3466,В1/1,тест-тест,3,Автобус,0,1,0
3526,1С-1,"ПР. ЭНГЕЛЬСА, 68 - СМОЛЬНЫЙ",3,Автобус,0,1,0
3487,5С-1,"УЛ. КОРАБЛЕСТРОИТЕЛЕЙ, 35 - СМОЛЬНЫЙ",3,Автобус,0,1,0
3506,5С-2,СМОЛЬНЫЙ - УЛ. КОРАБЛЕСТРОИТЕЛЕЙ,3,Автобус,0,1,0
3527,1С-2,"СМОЛЬНЫЙ - ПР. ЭНГЕЛЬСА, 68",3,Автобус,0,1,0
3528,118Б,Правильный вариант: 118А,3,Автобус,0,1,0
3546,3С,Специализированный маршрут,3,Автобус,0,0,0
3553,0,"А.С. ""КИРОВСКИЙ ЗАВОД"" - ПР. ГЕРОЕВ",3,Автобус,0,1,0
3548,Б/НОМЕРА,"Г. ПЕТЕРГОФ, УНИВЕРСИТЕТ - Г. ЛОМОНОСОВ, ВОКЗАЛ",3,Автобус,0,1,0
3587,тест1,тест1,3,Автобус,0,0,0
3606,200а,"СТ. МЕТРО ""ПРОСПЕКТ ВЕТЕРАНОВ"" - СТРЕЛЬНА, ГМА ИМ. АДМИРАЛА С.О.МАКАРОВА",3,Автобус,0,0,0
3608,302,КРАСНОСЕЛЬСКОЕ ШОССЕ - ГМА ИМ. АДМИРАЛА С.О. МАКАРОВА,3,Автобус,0,1,0
3609,303,КРАСНОСЕЛЬСКОЕ ШОССЕ - Ж.-Д. СТ. СТРЕЛЬНА,3,Автобус,0,1,0
3626,304,"НОВО-НАРВСКОЕ ШОССЕ - Ж.-Д. СТАНЦИЯ ""СТРЕЛЬНА""",3,Автобус,0,0,0
3666,184,"АС ""Московское шоссе"" - ст. м. Бухарестская",3,Автобус,0,1,0
3667,184,УЛ. ШАВРОВА - ШУВАЛОВСКИЙ ПР.,3,Автобус,0,1,0
3689,1111,Тест111,3,Автобус,0,1,1
3707,6А,"А.С. ""НАЛИЧНАЯ УЛ."" - ПЛ. ЛЕНИНА",3,Автобус,0,1,0
3708,118А,"А.С. ""УЛ. ПОДВОЙСКОГО""- СТ. МЕТРО ""ЛОМОНОСОВСКАЯ""",3,Автобус,0,1,0
3728,7776,7776,3,Автобус,0,0,0
3750,109Б,"Белоостровское шоссе- ст. метро ""Озерки""",3,Автобус,0,1,0
3770,4М/,река Оккервиль - ст. метро Адмиралтейская,3,Автобус,0,1,1
3771,3М/,"А/С ""Наличная ул."" - ст. метро ""Рыбацкое""",3,Автобус,0,1,1
3810,197,"АС ""Звездная ул."" - промзона Шушары - АС ""Звездная""",3,Автобус,1,1,0
3864,С-4,"СТ.МЕТРО ""УЛИЦА ДЫБЕНКО"" - СТ. МЕТРО ""СПАССКАЯ""",3,Автобус,0,1,0
4438,К-3 МЕГА,"ул. Дыбенко у Товарищеского пр. -  ТК ""МЕГА Дыбенко""",3,Автобус,0,1,0
4439,К-180,"г. Пушкин, Славянка - г. Пушкин, вокзал ",3,Автобус,0,1,0
4440,300А,"АС ""Кировский завод"" - боковой проезд Петергофского шоссе",3,Автобус,0,1,0
4476,8Х,Уткина Заводь - Херсонская ул.,3,Автобус,0,1,1
4578,51Б,ЗАВОД ЖЕЛЕЗОБЕТОННЫХ ИЗДЕЛИЙ № 1-УЛ. ГРИБАКИНЫХ,3,Автобус,0,1,0
4616,30АА,"РЖЕВСКАЯ ПЛ.- СТ. МЕТРО ""ЛАДОЖСКАЯ""",3,Автобус,0,1,0
4636,Центр 1,Центр 1,3,Автобус,0,0,1
4640,ВО ук,Васильевский остров  укор.,3,Автобус,1,0,1
4676,7,Проекты Елисеева,3,Автобус,0,1,0
4740,2Ч,"УЛ.СПОРТИВНАЯ - СТ.М.""ЧКАЛОВСКАЯ""",3,Автобус,0,1,0
4837,2Л,"Г.ЛОМОНОСОВ, ВОКЗАЛ - БРОНКА",3,Автобус,0,1,0
4916,25,"МАЛАЯ БАЛКАНСКАЯ УЛ. - СТ. МЕТРО ""МЕЖДУНАРОДНАЯ""",3,Автобус,0,1,0
4981,S6,"СТАДИОН-СТ.МЕТРО ""ЧКАЛОВСКАЯ""",3,Автобус,0,0,0
5003,Sh2,ПЕСОЧНАЯ НАБЕРЕЖНАЯ - ГОРОДОК,3,Автобус,0,0,0
5004,Sh4,ПЕТРОВСКАЯ НАБ.-ГОРОДОК,3,Автобус,0,0,0
5021,186сп,ст.м Купчино,3,Автобус,0,0,0
5042,СП01,"АС ""МАЛАЯ БАЛКАНСКАЯ""- СТ. МЕТРО ""БУХАРЕСТКАЯ""",3,Автобус,0,1,0
5161,СП006,"УЛ, ГРИБАКИНЫХ-УЛ,СОВЕТСКАЯ,ТОСНО",3,Автобус,0,1,0
5181,6 сп ,"АС ""Александровская ферма""-м.ст.Площадь Александра Невского",3,Автобус,0,0,0
5344,209,"""Ул. Подвойского"" - Союзный пр.",3,Автобус,0,1,0
5381,406,"КРОНШТАДТ, ГРАЖДАНСКАЯ УЛ. - СНТ ""КРАСНОГОРСКИЕ ПОКОСЫ""",3,Автобус,0,0,0
3790,375,"г. Пушкин, АС ""Железнодорожная ул."" - микрорайон ""Славянка"", Ростовская ул.",3,Автобус,0,1,0
3731,14-А,"А.С.""КРЕСТОВСКИЙ ОСТРОВ"" - А.С. КРЕСТОВСКИЙ ОСТРОВ""",3,Автобус,1,1,0
3749,0,Проекты маршрутов Мельникова,3,Автобус,0,1,0
3832,199,"А.С.""КРЕСТОВСКИЙ ОСТРОВ"" - СПОРТИВНЫЙ КОМПЛЕКС ""СПАРТАК"" ",3,Автобус,0,1,0
3853,46/,"БЕЛООСТРОВСКАЯ УЛ. - ст. метро ""Горьковская""",3,Автобус,0,1,0
3854,49/,Двинская ул.- Садовая ул,3,Автобус,0,1,0
3861,С-5,"ст.метро ""Комендантский пр.- ст. метро ""Международная""",3,Автобус,0,1,0
3876,52А,"А.С.. ""ПР. КУЛЬТУРЫ"" - ПЛ. МУЖЕСТВА",3,Автобус,0,1,0
3895,0,Проекты маршрутов. Беляева.,3,Автобус,0,1,0
3935,30 А,"ж/д станция"" Ржевка""-ст. метро ""Ладожская""",3,Автобус,0,0,0
4035,374А,"АС ""Павловск"" - г.Колпино, Заводской пр.",3,Автобус,0,1,0
4056,328,"ПР.АЛЕКСАНДРОВСКОЙ ФЕРМЫ - Г.КОЛПИНО, ОБОРОННАЯ УЛ.",3,Автобус,0,1,0
4195,198,"АС ""УЛ. ЖЕНИ ЕГОРОВОЙ"" - СТАНЦИЯ МЕТРО ""ПАРНАС""",3,Автобус,0,1,0
4437,К-2 МЕГА,К-2 МЕГА,3,Автобус,0,1,0
4478,56Х,Малая Балканская - ст.метро Ломоносовская,3,Автобус,0,1,1
4483,114Х,Счастливая ул. - ст.метро Елизаровская,3,Автобус,0,1,1
4618,30А,УЛ. ПОДВОЙСКОГО-РЖЕВСКАЯ ПЛ.,3,Автобус,0,1,0
4876,1,"АС""Малая Балканская"" - ЗАГРЕБСКИЙ БУЛЬВАР",3,Автобус,0,0,0
4756,ПРОЕКТ,"Г. ЛОМОНОСОВ, ВОКЗАЛ - Ж.-Д. СТАНЦИЯ ""СТАРЫЙ ПЕТЕРГОФ""",3,Автобус,0,1,0
4936,74А СП,"АС ""МАЛАЯ БАЛКАНСКАЯ УЛ.""- СТ.МЕТРО ""БУХАРЕСТСКАЯ""",3,Автобус,0,0,0
4998,00Е,ст. метро Елизаровская - ст. метро Ломоносовская,3,Автобус,0,1,0
4996,1ЧМа,"СТ.МЕТРО ""ВЫБОРГСКАЯ"" - УЛ.СПОРТИВНАЯ",3,Автобус,0,0,0
5001,Sh1,"СТ.МЕТРО ""СПОРТИВНАЯ"" - ГОРОДОК",3,Автобус,0,0,0
5022,к-406,"Кронштадт, Гражданская улица - СНТ ""Красногорские Покосы""",3,Автобус,0,1,0
5102,4СП,АС Счастливая улица - Стадион Пингвин,3,Автобус,0,0,0
5103,СП003,"СТ. МЕТРО ""ЮЖНАЯ"" - РОСТОВСКАЯ УЛ. ",3,Автобус,0,1,0
5281,200Б,"АС ""КИРОВСКИЙ ЗАВОД"" - ЛЭМЗ",3,Автобус,0,1,0
5341,60А,"АС ""Пискарёвка"" - пл. Климова",3,Автобус,0,1,0
5342,201,"А.С. ""пр. Маршала Жукова"" - ст. метро ""Проспект Ветеранов""",3,Автобус,0,1,0
3732,14-Б,"А.С. ""КРЕСТОВСКИЙ ОСТРОВ"" - А.С. ""КРЕСТОВСКИЙ ОСТРОВ""",3,Автобус,1,1,0
3748,22/,улица Стасовой-Двинская улица,3,Автобус,0,1,0
3791,375А,"г. Павловск, Звериницкая ул. - микрорайон ""Славянка"", Ростовская ул.",3,Автобус,0,1,0
3813,38Т,38Т,3,Автобус,0,1,0
3976,60-К,"АС ""ПР. МАРШАЛА ЖУКОВА"" - АС ""КИРОВСКИЙ ЗАВОД""",3,Автобус,0,1,0
4162,39э,"СТ.М. МОСКОВСКАЯ - АЭРОПОРТ ""ПУЛКОВО 1""",3,Автобус,0,1,0
4215,388,"АС ЗВЁЗДНАЯ УЛ. - МИКРОРАЙОН ""СЛАВЯНКА"", РОСТОВСКАЯ УЛ.",3,Автобус,0,1,0
4255,51А(2),"АС ""УЛ. ГРИБАКИНЫХ""- СТ. МЕТРО ""РЫБАЦКОЕ""",3,Автобус,0,1,0
4375,155Б,"СТ. МЕТРО ""ПР. БОЛЬШЕВИКОВ""",3,Автобус,1,1,0
4335,155А,"ст. метро ""Большевиков""",3,Автобус,1,1,0
4415,1,АС Наличная ул. - Гостиный двор,3,Автобус,0,1,0
4441,К-389," Кирочная ул., д. 28, литера А, угол Мелитопольского пер.-пр. Мечникова, д. 36",3,Автобус,0,1,0
4477,12Х,ул. Подвойского - Рощинская ул.,3,Автобус,0,1,1
4486,154Х,ст.метро Старая Деревня - Камышовая ул.,3,Автобус,0,1,1
4556,8В,"АС ""ТРОИЦКОЕ ПОЛЕ""- СТ. МЕТРО ""ПЛ. АЛЕКСАНДРА НЕВСКОГО""",3,Автобус,0,1,0
4757,S1,"АЭРОПОРТ ""ПУЛКОВО"" - ПЛ.ВОССТАНИЯ",3,Автобус,0,0,0
5121,СП004,"СТ. МЕТРО ""СТАРАЯ ДЕРЕВНЯ""-СТ. МЕТРО ""СТАРАЯ ДЕРЕВНЯ""",3,Автобус,1,1,0
5141,5СП,АС Подвойского- ул. Коллонтай,3,Автобус,0,0,0
5204,СП230,"СЧАСТЛИВАЯ- Ж.-Д. СТАНЦИЯ ""СЕРГИЕВО""",3,Автобус,0,1,0
5322,329,"А.С. ""УЛ. ГРИБАКИНЫХ"" - СЛЕДСТВЕННЫЙ ИЗОЛЯТОР",3,Автобус,0,1,0
3863,С-3,"СТ. М. ""ПРИМОРСКАЯ"" - СТ. М. ""РЫБАЦКОЕ""",3,Автобус,0,1,0
3917,351А,"Г. ПЕТРОДВОРЕЦ, ВОКЗАЛ - Ж.-Д. СТ. СТАРЫЙ ПЕТЕРГОФ",3,Автобус,0,1,0
4435,К-1 МЕГА,К-1 МЕГА,3,Автобус,0,1,0
4479,77Х,АС Белорусская - ст.метро Ладожская,3,Автобус,0,1,1
4481,93Х,АС Лахтинский разлив - пр. Культуры пр.,3,Автобус,0,1,1
4496,200А,АС Кировский завод - ж/д ст. Новый Петергоф,3,Автобус,0,1,0
4917,56А СП,"АС "" МАЛАЯ  БАЛКАНСКАЯ""- СТ.М. ""ЕЛИЗАРОВСКАЯ""",3,Автобус,0,0,0
4978,6ЧМ,"ПЛ. ВОССТАНИЯ - АС ""КРЕСТОВСКИЙ ОСТРОВ""",3,Автобус,0,1,0
4997,S4,"СТ.МЕТРО ""ВЫБОРГСКАЯ"" - АС ""КРЕСТОВСКИЙ ОСТРОВ""",3,Автобус,0,0,0
5005,Sh3,АПТЕКАРСКАЯ НАБ. - ГОРОДОК,3,Автобус,0,0,0
5081,К-210А,"ОЛЬГИНО, ""КОННОЛАХТИНСКИЙ ПР."" - Ж.Д. СТАНЦИЯ ГОРСКАЯ",3,Автобус,0,0,0
5122,хаха,"хаснская ул.-ст. метро ""Бухарестская""",3,Автобус,0,1,0
5183,К-68а,"ул. Пионерстроя, д.31 - микрорайон Ленино",3,Автобус,0,1,0
3856,35а,Пр.Героев - Б. Новаторов,3,Троллейбус,0,1,0
1062,1,Хасанская улица - Ординарная улица,3,Троллейбус,0,1,0
1068,3,Улица Маршала Тухачевского - Балтийский вокзал,3,Троллейбус,0,1,0
1063,6,"Светлановский проспект - Метро ""Чёрная речка""",3,Троллейбус,0,1,0
1064,5,Конногвардейский бульвар - Тульская улица,3,Троллейбус,0,1,0
1065,7,Таллинская улица - Петровская площадь,3,Троллейбус,0,1,0
1066,8,Троллейбусный парк № 2 - Балтийский вокзал,3,Троллейбус,0,1,0
1067,4,Придорожная аллея - площадь Мужества,3,Троллейбус,0,1,0
1069,9,Улица Кораблестроителей - Ординарная улица,3,Троллейбус,0,1,0
1070,11,Улица Кораблестроителей - Тульская улица,3,Троллейбус,0,1,0
1072,10,Улица Кораблестроителей - Новгородская улица,3,Троллейбус,0,1,0
1071,13,Придорожная аллея - Светлановский проспект,3,Троллейбус,0,1,0
1073,14,Река Оккервиль - Площадь Александра Невского,3,Троллейбус,0,1,0
1074,15,Сызранская улица - Тульская улица,3,Троллейбус,0,1,0
1075,16,Улица Маршала Тухачевского - площадь Бехтерева,3,Троллейбус,0,1,0
1076,17,Казанский собор - Улица Костюшко,3,Троллейбус,0,1,0
1077,18,Таллинская улица - ж/д станция Ручьи,3,Троллейбус,0,1,0
1078,20,"Авангардная улица - cт. метро ""Нарвская""",3,Троллейбус,0,1,0
1079,21,Улица Жени Егоровой - площадь Мужества,3,Троллейбус,0,1,0
1080,22,Хасанская улица - площадьТруда,3,Троллейбус,0,1,0
1081,23,"Улица Шаврова - ст. метро ""Старая Деревня""",3,Троллейбус,0,1,0
1082,24,"Звёздная улица - ст. метро ""Московские ворота""",3,Троллейбус,0,1,0
1083,25,"Ст. метро ""Старая Деревня"" - улица Генерала Хрулёва",3,Троллейбус,0,1,0
1084,26,"Ж/д платформа Сортировочная - ст. метро ""Московские ворота""",3,Троллейбус,0,1,0
1085,27,Река Оккервиль - площадь Конституции,3,Троллейбус,0,1,0
1086,28,"Проспект Солидарности - метро ""Ломоносовская""",3,Троллейбус,0,1,0
1087,31,Северный проспект - проспект Добролюбова,3,Троллейбус,0,1,0
1088,29,Ж/д платформа Сортировочная - улица Солдата Корзуна,3,Троллейбус,0,1,0
1089,33,Проспект Солидарности - Суворовский проспект,3,Троллейбус,0,1,0
1090,34,"Тихорецкий проспект - ст. метро ""Петроградская""",3,Троллейбус,0,1,0
1091,35,Ж/д платформа Сортировочная - проспект Героев,3,Троллейбус,0,1,0
1092,37,"Улица Пионерстроя - Ст. метро ""Проспект Ветеранов""",3,Троллейбус,0,1,0
1093,38,Светлановский проспект - площадь Ленина,3,Троллейбус,0,1,0
1094,39,"Ст. метро ""Купчино"" - ст. метро ""Электросила""",3,Троллейбус,0,1,0
1095,36,"Ж/д платформа Сортировочная - ст. метро ""Электросила""",3,Троллейбус,0,1,0
1096,40,"Светлановский проспект - ст. метро ""Старая Деревня""",3,Троллейбус,0,1,0
1097,41,Улица Васи Алексеева - Проспект Героев,3,Троллейбус,0,1,0
1098,42,Платформа Сортировочная - Камчатская улица,3,Троллейбус,0,1,0
1099,43,Хасанская улица - Площадь Ленина,3,Троллейбус,0,1,0
1100,46,Авангардная улица - Автовский ДСК,3,Троллейбус,0,1,0
1101,50,Улица Шаврова - Тихорецкий проспект,3,Троллейбус,0,1,0
1102,48,Улица Васи Алексеева - Проспект Героев,3,Троллейбус,0,1,0
1103,45,Звёздная улица - проспект Героев,3,Троллейбус,0,1,0
1104,47,"Cт. метро ""Купчино"" - Малая Балканская улица",3,Троллейбус,0,1,0
1904,2,Улица Шаврова - Комендантская площадь,3,Троллейбус,0,1,0
1905,45А,пр. Героев - Б.Новаторов,3,Троллейбус,0,1,0
4537,32,Троллейбусный парк № 1 - проспект Героев,3,Троллейбус,0,1,0
4355,22А,"Хасанская улица - Метро ""Ладожская""",3,Троллейбус,0,1,0
4536,32,"Тихорецкий проспект - ст. метро ""Выборгская""",0,Трамвай,0,1,0
1105,6,Улица Кораблестроителей - площадь Ленина,0,Трамвай,0,1,0
1106,7,пр. Солидарности - ул. Коммуны,0,Трамвай,0,1,0
1107,9,"Проспект Мечникова - ст. метро ""Удельная""",0,Трамвай,0,1,0
1108,10,"ст. м. ""Ладожская""-Малая Охта",0,Трамвай,0,1,0
1109,8,ст.м. Ладожская - Хасанская ул.,0,Трамвай,0,1,0
1110,16,Карбюраторный завод - площадь Стачек,0,Трамвай,0,1,0
1111,19,Лахтинский разлив - Ж/д платформа Старая Деревня,0,Трамвай,0,1,0
1112,18,"Ст. метро ""Старая Деревня"" - Улица Шаврова",0,Трамвай,0,1,0
1113,20,пр.Культуры - пл. Ленина,0,Трамвай,0,1,0
1114,23,Проспект Солидарности - Боткинская улица,0,Трамвай,0,1,0
1115,24,"Cт. метро ""Рыбацкое"" - Перекупной переулок",0,Трамвай,0,1,0
1116,25,"Метро ""Купчино"" - улица Марата",0,Трамвай,0,1,0
1117,21,Придорожная аллея - Приморский проспект,0,Трамвай,0,1,0
1118,27,"Ст. метро ""Рыбацкое"" - Река Оккервиль",0,Трамвай,0,1,0
1119,29,Мясокомбинат - Трамвайный парк № 1,0,Трамвай,0,1,0
1120,47,ул.Шаврова - Удельный парк,0,Трамвай,0,1,0
1121,30,Ж/д станция Ржевка - Боткинская улица,0,Трамвай,0,1,0
1122,40,Тихорецкий проспект - улица Кораблестроителей,0,Трамвай,0,1,0
1123,36,Оборонная улица - улица Десантников,0,Трамвай,0,1,0
1124,38,"Проспект Мечникова - ст. метро ""Выборгская""",0,Трамвай,0,1,0
1125,А,р. Оккервиль - ул. Коллонтай,0,Трамвай,1,1,0
1126,57,Тихорецкий проспект - проспект Луначарского,0,Трамвай,0,1,0
1127,62,"М. Балканская ул. - ст.м. ""Купчино""  ",0,Трамвай,0,1,0
1128,100,Придорожная аллея - ж.-д. станция Ручьи,0,Трамвай,0,1,0
1129,65,р. Оккервиль - Невский завод,0,Трамвай,0,1,0
1130,64,"ст.м. ""Ладожская"" - ж.- д. станция Ржевка",0,Трамвай,0,1,0
1131,48,Лахтинский разлив - Ж/д ст. Кушелевка,0,Трамвай,0,1,0
1132,43,"Ст. метро ""Купчино"" - Московские ворота",0,Трамвай,0,1,0
1133,49,Малая Балканская улица - улица Марата,0,Трамвай,0,1,0
1134,51,Проспект Мечникова - Суздальский проспект,0,Трамвай,0,1,0
1135,45,"пр.Юрия Гагарина - ст.м. ""Купчино""",0,Трамвай,0,1,0
1136,52,"Сосновая Поляна - Завод ""Северная верфь""",0,Трамвай,0,1,0
1137,41,Улица Маршала Говорова - площадь Тургенева,0,Трамвай,0,1,0
1138,55,Придорожная аллея - ул. Шаврова,0,Трамвай,0,1,0
1139,56,"Завод ""Северная верфь"" - улица Маршала Казакова",0,Трамвай,0,1,0
1140,60,"Завод ""Северная верфь"" - улица Десантников",0,Трамвай,0,1,0
1141,59,"Cт. метро ""Ладожская"" - Улица Коммуны",0,Трамвай,0,1,0
1142,58,пр.Культуры - ул.Жени Егоровой,0,Трамвай,0,1,0
1143,61,"Суздальский пр. - ж. -д. станция ""Кушелевка""",0,Трамвай,0,1,0
1902,2,Приморский пр. - ст.м.Выборгская,0,Трамвай,0,1,0
1903,55А,"ул.Шаврова - ст.""Кушелевка""",0,Трамвай,0,1,0
1906,27А,"ст.""Рыбацкое"" - р.Оккервиль по Дыб.",0,Трамвай,0,1,0
3449,1,ул. Кораблестроителей - Детская ул.,0,Трамвай,0,1,0
3551,9 (2),пр. Мечникова - ст.м. Удельная,0,Трамвай,0,1,0
3646,3,пл. Репина-Сенная пл.,0,Трамвай,0,1,0
4235,39,"Трамвайный парк №7 - Станция метро ""Новочеркасская""",0,Трамвай,0,1,0
